submitter_id,AT2_TRU_score,AT1_score,Club_secretory_score,Ciliated_score,Basal_score,Mucinous_gastric_score,Proliferative_score,EMT_mesenchymal_score,AT2_TRU_p,AT1_p,Club_secretory_p,Ciliated_p,Basal_p,Mucinous_gastric_p,Proliferative_p,EMT_mesenchymal_p,dominant_lineage,lineage_entropy,NKX2_1_expr,driver_gene,RPA_pos
TCGA-05-4244,0.41963840831969396,0.06275891629303004,0.16726669785088433,0.49148781298236915,-0.2870978507338533,-0.15722427257196359,0.3774694368199525,-0.42013115690768704,0.16675746214766077,0.11670634900116623,0.12956319104162203,0.1791798121833377,0.08225335468451593,0.09366061344298796,0.15987167509923814,0.0720075423994712,Ciliated,2.032061175962611,0.45212076944815116,KRAS,1.0
TCGA-05-4250,-0.1191636454030947,0.33498263288395796,-0.3866581438576991,0.4375922361418646,0.5785170583247834,0.19113063210271983,1.1535140256181462,0.4918655807846315,0.07209407205341728,0.11353578809110916,0.05517319977473375,0.12580432253586735,0.1448433083777616,0.09832379864294472,0.2574046843032658,0.1328208262209004,Proliferative,1.9826235375856276,-0.1799923583277507,KRAS,1.0
TCGA-05-4382,-1.1291590942118879,0.007656562456724513,-0.7470303142286164,-0.6236116849980399,0.20337708805199697,-0.3112446036053154,-0.0992919300964408,0.8257805424295692,0.04317654670795713,0.13457384801186664,0.06327094553748523,0.07158208668931228,0.16366695974238257,0.0978281079552617,0.12092428569256954,0.304977219663165,EMT_mesenchymal,1.9102512073837905,-0.29373998819651576,,0.0
TCGA-05-4384,0.7519849752565393,0.6892456489313474,0.2132643737204646,-0.15207468303929378,-0.4832067855685423,0.23591854014415503,-1.303187580809087,-0.18033780924530035,0.23057642564910222,0.21655467279525806,0.13454002932783277,0.09336557617144096,0.0670467817822835,0.13762270745692526,0.029530092142544453,0.09076371467461283,AT2_TRU,1.9367955441884543,0.8468277728536734,RIT1,1.0
TCGA-05-4389,0.02026016966715799,-0.13023823170137752,-0.1952663026149494,-0.2235298808255026,-0.13203271692400395,0.1181975510770291,0.4861292392624659,-0.7876636958366975,0.13421270202907276,0.11546038321818604,0.10819113135632455,0.10517607174737689,0.11525337705700055,0.14802234638607573,0.21385429949191767,0.05982968871404589,Proliferative,2.0264300230722614,0.07114349594685229,BRAF,1.0
TCGA-05-4390,0.25454018911798515,-1.0446511898956727,-0.6791566087219286,-1.063206272394842,-0.7364400445479521,0.24570086203058417,1.081825277752744,0.09357312186518689,0.15541412813352407,0.04238955423135055,0.061092954623908236,0.04161026480370058,0.0576916884088881,0.1540464255116594,0.35544781210196164,0.1323071721850073,Proliferative,1.8143815616242391,0.4908095116617078,KRAS,1.0
TCGA-05-4395,-1.6281509448931593,-0.8857112095095974,-0.3495653715720447,-0.11205850766150986,0.4915221746096107,-0.26714721356186083,0.3736268736489444,-0.455800462022138,0.02931923248860078,0.06160132838505352,0.1053016694180584,0.13353133065332343,0.24418272527837026,0.11434811443874345,0.21702694539478848,0.09468865394306167,Basal,1.9280294855881857,-3.2242644571575805,KRAS,1.0
TCGA-05-4396,0.07950945010032374,-0.8942044724909848,0.7519954336940652,0.026407484695978485,-0.8117592606723394,0.9658550143136743,-0.5607680823845224,-0.9869119365089326,0.12511214884859717,0.04725207665123642,0.24510740676814166,0.11864176331457431,0.05131288114402993,0.30355295916944347,0.06595238177501361,0.04306838232896339,Mucinous_gastric,1.830861192143534,0.2669967291501451,SOS1,1.0
TCGA-05-4397,-1.6268815848355327,-0.8462467429706236,-1.0110356898759343,-0.6805726050940324,0.07061313431106267,-1.0430149816208136,1.635027287505708,-0.24467377885631716,0.0222486891122215,0.04856572000975522,0.04118726001220936,0.05731670232356516,0.12148342208404109,0.03989095848322418,0.5806754314135363,0.08863181656144724,Proliferative,1.4418293838813516,-1.3603399659547462,,0.0
TCGA-05-4398,-0.25099950065042514,-0.11991540505869058,-0.45317553558407614,-0.11073627127375023,-0.2971087965665682,-0.3487792264285101,0.4913470168230772,0.27338395870768367,0.10246264905163556,0.1168139418312567,0.08370697419492389,0.11789112889001051,0.0978454347106731,0.09291811364951208,0.21525962336204818,0.17310213430994004,Proliferative,2.026360214086527,0.44016408413420827,,0.0
TCGA-05-4402,0.18058940507010568,0.21968271087546595,0.5333919032756198,0.9129403010967857,0.9786726681778434,0.05598159510985463,-0.017908514465630614,0.2593982287924677,0.09479604366380241,0.09857532538947371,0.1348995156933737,0.19717241931724602,0.2105684836031273,0.08369003087164668,0.07772910394212362,0.10256907751920667,Basal,2.0099046506849407,0.24526556724875856,EGFR,1.0
TCGA-05-4403,0.38076200259154597,0.6080611018708675,0.6065253565476978,0.21199716040271135,0.5242748178979788,1.9648539660009725,-0.8936890310167502,-0.22543905655130902,0.0892269233963582,0.11199810204457958,0.11182623349010465,0.07537065314398267,0.10299656530786865,0.434969010904513,0.02494645660403397,0.04866605510855942,Mucinous_gastric,1.7360712462700443,-0.7955116072458994,KRAS,1.0
TCGA-05-4405,0.4139682744063105,-0.18144487254893177,0.5463659917686199,0.10592881883676197,0.09188672134104556,-0.1233768958540011,-0.6544059723492803,0.5166119212961129,0.1615931040990687,0.08909189147511712,0.18446858719598858,0.11875256194463799,0.11709668012778007,0.09441843142714322,0.05551799629537695,0.17906074743488742,Club_secretory,2.0172620626376285,0.6482013160604546,KRAS,1.0
TCGA-05-4410,0.34156138098325667,-0.31054196668426426,0.5571434890036429,0.7556650282788204,0.19643153854373804,-0.3096875838067517,-0.41012783906271644,-0.5866058272733944,0.15319337048841,0.07980591584693816,0.19004921991874937,0.23178370484403985,0.1324984755869969,0.07987412979122549,0.07224128975854738,0.06055389376509287,Ciliated,1.9728968765606625,0.3154599479511458,BRAF,1.0
TCGA-05-4415,-0.4430225608162061,-0.04998990380650434,-1.6837387282824652,-1.2901861447111096,-0.8049377992722563,0.22786209768953558,0.9762322476201366,-0.9226723623603834,0.09429852389672137,0.13970012950119967,0.02726896844787884,0.040419080066522936,0.0656639650459768,0.1844447931811051,0.3898337416169087,0.058370798243686586,Proliferative,1.7492053893963582,-1.956082948288997,KRAS,1.0
TCGA-05-4417,0.6032491866541648,-0.267982565067784,-0.003117588543704982,-0.41227918428302157,-0.24630216324563226,0.5132058885208856,-0.2177259428827636,0.8676003466375366,0.18484077674709126,0.07734400247636417,0.10079895747387325,0.06695136212407152,0.07903916098862045,0.1689244359078375,0.081330382784201,0.24077092149794077,EMT_mesenchymal,1.9702376763914518,0.08150898739772303,KRAS,1.0
TCGA-05-4418,-0.8870428711069311,-0.3547385116761009,-0.512039937265511,-0.49709521214007285,0.43447753021018887,0.23302655836122502,0.19751217147327674,-0.37241006652830405,0.05854772654916225,0.09969809998862243,0.08518668939831639,0.0864693416254827,0.21950228914925968,0.17945270468078292,0.17319139330339306,0.09795175530498067,Basal,1.9898584825940497,-2.316647477661169,KRAS,1.0
TCGA-05-4420,-0.6884182357106101,-0.8336915751485591,-0.4511293539916144,-0.0789382831368142,-0.8907949031164601,-0.07092264614135257,0.9586781031628906,-0.5744138337070984,0.07165493551762103,0.061966176519197974,0.09084465113530267,0.13180742926325512,0.05852683506997147,0.13286819544832118,0.3720240022921914,0.08030777475413915,Proliferative,1.8508889945202762,0.011450994740742083,HRAS,1.0
TCGA-05-4422,-0.08755372855353166,-0.27774989800719246,0.02882902098984331,-0.7555109860825965,-0.5498411534070732,0.5394982095806706,-0.21066939796915524,-1.1434718155065982,0.1389480068120595,0.11488178486887274,0.15609777300994188,0.07124627619941047,0.08751519072582684,0.260122259562314,0.1228524623147551,0.0483362465068194,Mucinous_gastric,1.9684391074239431,0.5960556200334869,,0.0
TCGA-05-4424,0.5217073449836026,0.603273276881252,0.4359072185911604,-0.0005605852594353168,-0.20749097416653337,-0.07847603755053383,0.626262406678156,0.24140258743024548,0.15401883026212226,0.16710808209796554,0.1413550404663429,0.09135992629236662,0.07428258600913433,0.08451182681136082,0.1709942501464277,0.11636945791427986,Proliferative,2.0365226523737654,-0.19294922264133912,NF1,1.0
TCGA-05-4425,0.48842073279575704,-0.00782249697117062,0.418854726464685,-0.08736726702384963,0.207535312327907,0.6429122297050031,0.08711806614367695,0.444720870258631,0.1503139705028566,0.09151318071677372,0.14021265534445937,0.08451577838687535,0.11350431147405814,0.17542607693638218,0.10062729838502951,0.14388672825356516,Mucinous_gastric,2.050308740039815,0.33164466267268095,,
TCGA-05-4426,0.26335039129719057,-0.11320141476603912,-0.5311479072867764,0.49550543356322924,-0.323194731561611,-0.48186169641777815,-0.36629230802302726,-0.27819292885304514,0.18034727755794572,0.1237585519646797,0.08148231585478027,0.22747477523953388,0.10031740296612349,0.08559888216091278,0.09608580675273923,0.10493498750328485,Ciliated,2.011357191973214,0.23353619534382586,ROS1,1.0
TCGA-05-4427,0.3269989277959294,-0.09850521849746777,-0.9398338326404547,-0.7401140811017569,-0.3441641668140533,-0.06271770805475937,0.824339945292456,0.06824579900507904,0.16995581445720534,0.11105597372618299,0.04788037572458392,0.058464835995318855,0.08686675506885798,0.11510236380193832,0.2794656831991391,0.13120819802677358,Proliferative,1.9406364342428704,0.5916002772168845,KRAS,1.0
TCGA-05-4430,0.7502594850545877,0.530718488619871,0.9635165508430398,1.3325682307315179,0.7352918325394366,0.33899664488452985,-0.18183270197688114,0.9567178134736268,0.12342998866480144,0.0991003631179439,0.15276964027773468,0.22096025585785126,0.12159628880926049,0.08181096341865074,0.04859797750365236,0.15173452235010507,Ciliated,2.0020282343265237,0.2943652635949879,KRAS,1.0
TCGA-05-4432,0.2567517148373688,0.1135130393174585,-0.014530133619456542,-0.2273085349817133,-0.266988176735967,0.38222975218372135,0.590245513208087,0.10198712554492788,0.13843379540380815,0.11995942064472957,0.10554214495177164,0.0853134354242935,0.08199451118415396,0.15694104686636876,0.19323092923804308,0.11858471628683138,Proliferative,2.041636958945351,0.631698362566305,,0.0
TCGA-05-4433,0.553272156782899,0.7820876879489467,0.2758087508551865,-0.06284929802437442,-0.14404419898222265,2.205173729289474,0.02577998768064623,-1.2306610909950122,0.09972358726281179,0.12536353074894865,0.075560890313675,0.05385422054886054,0.04965434382549711,0.5202470546622148,0.05884518794710869,0.016751184690883606,Mucinous_gastric,1.5669652769736275,-0.9284444888351355,KRAS,1.0
TCGA-05-4434,-0.15911343082158905,0.19573340482575688,0.7254012545661688,0.7765006081260711,1.4501709136472676,0.23328450233884454,0.6367350892854583,0.6495211076717863,0.054533151579611305,0.07776221448842725,0.13206886459048156,0.1389928984517598,0.2726238883874145,0.08073778939638603,0.12086295769508612,0.12241823541083344,Basal,1.9689013268077749,-0.5409660518361414,ERBB2,1.0
TCGA-05-5420,-0.31608730791357814,-0.05622530665773912,-0.6611881297154315,-1.2819290761568833,-0.7588338533985313,0.6260886860696826,0.08971204179761441,-0.3083102251748869,0.1098695905766514,0.14247351510567804,0.07780403553505072,0.041823247868469214,0.07056593893852772,0.2818768056964007,0.16485947955388322,0.11072738672533897,Mucinous_gastric,1.9365868406884008,-1.3066940014283104,KRAS,1.0
TCGA-05-5423,0.7580971799299171,0.6791575649639854,0.49975990373982465,0.4098456248543242,-0.32850842403198977,-0.2037454200544291,-0.740786921813956,-0.39349638958484967,0.2145273052091777,0.19824376549200368,0.16568688149628497,0.15143938898661563,0.07237286405882433,0.08198976540124549,0.04792095705475848,0.06781907230108984,AT2_TRU,1.9579396156098148,0.5875086358546985,EGFR,1.0
TCGA-05-5425,0.25664318295179633,0.4208909826320364,0.0008849215723303704,-0.3028728218814928,-0.20430347589181164,0.6436197420979644,0.8445593142928323,-0.4184029264194279,0.1259938500777574,0.14848454764023925,0.0975607084956253,0.07200367014984468,0.0794625974010174,0.18552871279008576,0.22681829359588432,0.06414761984954599,Proliferative,1.9871583083247815,-0.2393666207612468,,
TCGA-05-5428,-0.3577222061775971,-0.22126312676186521,0.0909116844294298,-0.03713701218133604,-0.423895263797475,-0.5600823322603504,0.32602561141292286,-0.5341697438718772,0.10349165613643245,0.11862296143527049,0.1620856473745196,0.14260466002060962,0.09686496883442826,0.08453205963174565,0.20504691569571898,0.08675113087127494,Proliferative,2.032265460993008,-0.03705768674206053,BRAF,1.0
TCGA-05-5429,-2.198444636164382,-0.34382571245811516,0.009257935917408098,0.7635511902870161,0.46569461898301157,1.5768462388970683,0.25591059854096254,-0.09663306181617447,0.008802331118648168,0.056240408441931615,0.08005542108068443,0.17020650117916586,0.12636263658757352,0.38387134650674243,0.10244968714596313,0.07201166793929083,Mucinous_gastric,1.7588681265166084,-3.182075088445265,,0.0
TCGA-05-5715,0.1746482897301608,-0.28368240642407483,-0.30678026733093217,-0.48852361326858557,-0.23722567511576895,0.8578244491112962,-0.21759875604573914,0.13293453048549467,0.1419910136238315,0.08978636039773662,0.0877362552016283,0.07315583327169882,0.09405594891332233,0.28116450656220526,0.09592021244043163,0.13618986958914558,Mucinous_gastric,1.9738567049391715,0.3554671079369624,ERBB2,1.0
TCGA-35-3615,0.4519761879649667,-0.4468003630941607,0.42693606118169514,-0.18431950458074095,-0.2188894642680756,-0.26618546234234425,-1.5918391491547008,-0.8498563015183278,0.23190731287624058,0.09440190257229934,0.22617242516607738,0.1227367828878703,0.11856627964859168,0.11308911407727712,0.030039778136177545,0.063086404635466,AT2_TRU,1.9343059892882903,0.18043578299901494,KRAS,1.0
TCGA-35-4122,-0.09486053193158772,0.4091183969929244,-0.3282759273288204,-0.6398047607671299,-0.022328843746013797,0.2773748415757223,0.6744846839101954,-0.2152536662354795,0.10418708197891985,0.17246030209902743,0.08249789294103395,0.060415392758480006,0.11202475083610948,0.15117279522712782,0.22487245260212146,0.09236933155718004,Proliferative,2.0005489518255217,-0.6475305779801802,,0.0
TCGA-35-4123,-0.7658892598513791,0.22869969191952919,-1.5445743742571618,-0.8228267586336732,-0.21610688354225388,-0.5730241219573707,0.803787493241173,0.3520260343461656,0.06282813402360764,0.16986294719514336,0.028838688973169442,0.059350792168925616,0.10887335690331591,0.07619288648009342,0.3018951344802502,0.19215805977549447,Proliferative,1.8609982318802123,0.1616142327329602,NRAS,1.0
TCGA-35-5375,-1.5974744289442766,-0.7688414338602109,-0.444628879728425,-0.6145504867634523,0.8199595908462419,-0.7544060088707839,0.9272835153856562,-0.34465033974549164,0.02586770101267791,0.05924184422971348,0.08192798867491499,0.06912518025496986,0.29015902800653465,0.06010322768850095,0.3230325427369149,0.09054248739577327,Proliferative,1.7621510685398654,-1.4064391253020394,,0.0
TCGA-38-4625,0.07625999011602413,-0.24784450931742186,-0.9037173180536213,-1.2648042408760587,-0.6919298113947616,-0.6584057744670773,0.5923643505731666,-0.10964274032161452,0.17213418356874569,0.12448308089681479,0.06460533558175635,0.0450246482497851,0.07984478065720049,0.08256687285917645,0.2884087284827163,0.14293236970380485,Proliferative,1.9232367204644765,-0.8594934543605421,MAP2K1,1.0
TCGA-38-4626,1.3639198264392254,1.033071154407721,0.36959153397753397,-0.07070885584397112,0.022602239600041756,-0.10898967961143363,-0.904552235181681,0.6214807454803377,0.29440601936852845,0.21147592470791365,0.10892194670132273,0.07012863163947611,0.0769874364867226,0.06749478440503938,0.030462236570519597,0.1401230201204776,AT2_TRU,1.8774885456009278,0.19171052808592687,KRAS,1.0
TCGA-38-4627,-0.3815741395697549,-0.07975307936342728,0.42597629208782156,0.36373544787226914,0.7793261139923628,-0.04114831659620221,-0.929244877336933,1.8350608851621155,0.047494951814851624,0.06422833625562664,0.10650307515934415,0.1000763120292835,0.15164218222518713,0.06675633844730651,0.02746610475374929,0.4358326993146512,EMT_mesenchymal,1.7173452738576902,-0.6724441276077114,EGFR,1.0
TCGA-38-4628,-0.5003387502111184,-0.15275223616101397,-0.15103608575141086,-0.01644278619859385,0.13000714328248278,-0.4586923162601053,0.03615518047547278,-0.015425764169347322,0.0853903253569204,0.12088253901968521,0.12109016975036042,0.13853579947220823,0.160385244876326,0.08902161826671319,0.14601753815525065,0.138676765102536,Basal,2.0587819966221166,0.39151901460599936,EGFR,1.0
TCGA-38-4629,-0.6521456921339664,0.2692015769656662,-0.5803413195006879,-0.6214259134308868,0.019859466068794185,-0.7631463807500156,0.6726257863480571,1.0076363958254408,0.0571725752999387,0.14365600674799217,0.0614287952509954,0.058956159555303166,0.1119530390103372,0.05116591777829368,0.21504467754944429,0.3006228288076955,EMT_mesenchymal,1.8696948930946182,-0.4921845942625263,NF1,1.0
TCGA-38-4630,-2.27264984244609,-0.37237957343952705,-0.6538572840260523,-0.7921392472646758,0.059885993597532994,-0.37414523444463743,1.5544837245981413,0.29619504899784527,0.010742147224492463,0.07184027600284416,0.0542155384869979,0.04721377022375702,0.11068749085621514,0.07171354234617235,0.4933942567781814,0.14019297808133963,Proliferative,1.5966493770907029,-5.394743811751735,ERBB2,1.0
TCGA-38-4631,-1.953025331844385,0.17578495710546743,-0.9142905784013096,-0.22616096319410023,-0.4156654757407684,0.12648108956844448,1.0064713606342095,-0.8628110478767911,0.01895034818553394,0.15927505195770225,0.05354685466261052,0.1065577054815063,0.08816254045211702,0.1516126217515986,0.3655192691398428,0.05637560836908858,Proliferative,1.7932033880875724,-3.940483546267301,NF1,1.0
TCGA-38-4632,0.10199014477361447,-0.18441068248638226,-0.12241197512409063,0.34361593324027806,0.04435832372242372,0.011875980759245348,1.0622086136710949,0.04922526097489252,0.10820207000475152,0.0812555941772289,0.0864527807508774,0.1377756015557729,0.10214247746036675,0.09887795713933971,0.28265270872931053,0.10264081018235233,Proliferative,1.9819409404226978,0.07514421194543391,NRAS,1.0
TCGA-38-6178,-0.020306169452814587,0.2520893252738898,0.16520190996380532,0.0729031888910914,0.4205364906119675,-0.09831612789111016,-0.261622388866784,0.6252018955917911,0.10218525339950395,0.1341800923642507,0.12301366603610644,0.11216788633951269,0.1587975365579372,0.09451678306763968,0.08027603686902397,0.19486274536602533,EMT_mesenchymal,2.042097682837817,0.4370271590898659,EGFR,1.0
TCGA-38-7271,0.6953366570199825,0.4489947287821633,0.24358845380933397,-0.28406813911285705,-0.02953719828220278,-0.19151468205493524,-0.7035355096945096,0.23586414653798396,0.21888867767490938,0.1710954095037471,0.13932580011681214,0.08220026150026852,0.10602653830620737,0.09017136724650271,0.05403819507533123,0.13825375057622147,AT2_TRU,2.0007282711002548,0.2055311833537545,,0.0
TCGA-38-A44F,0.204477456450509,0.9372406587454949,1.0979047618097946,1.9053167170733332,0.8792394416353481,1.5519413635153374,-0.9960211602483081,0.18872038084615764,0.055250185080510404,0.1149658229622813,0.13500326935977808,0.3026905361903371,0.10848736075423711,0.2125836583685581,0.01663274052320755,0.05438642676109054,Ciliated,1.8373699084326962,-0.301059479966648,,0.0
TCGA-44-2655,0.7400484687774119,0.47156412659312213,0.43643406090667725,0.1955480249483012,-0.05375744755611127,-0.015330229350708246,-1.3042822051317247,-0.6136901201266218,0.22766039772066207,0.17405488712245804,0.16804648322885926,0.13207297240149646,0.10292999722270044,0.10696228939289384,0.029474466936388194,0.058798505974541594,AT2_TRU,1.9519232205931258,0.5172233297887073,,0.0
TCGA-44-2656,0.426098395067353,0.7144869957219309,-0.30332482700032604,-0.6496832394568061,-0.842478980397988,-0.5351099101353192,-0.0436640468665986,0.34455611534068764,0.18628911182281752,0.24856103578832223,0.08982619257046129,0.06353037875269722,0.05239035220302668,0.07124264076995147,0.11645877988230627,0.17170150821041738,AT1,1.9462885303477975,-0.04518341889401646,ERBB2,1.0
TCGA-44-2657,0.6087617332197787,0.5107148152025572,0.7985454440610068,0.7173746644292082,0.4025328729772928,-0.24916198962967329,-0.5191433862883076,0.020204891254562724,0.15755841925960742,0.1428434660095024,0.19048625053041807,0.17563522106629775,0.12819691050675439,0.06681132369562844,0.051003343322525596,0.0874650656092659,Club_secretory,1.9994989086189958,0.1398830708315736,ARAF,1.0
TCGA-44-2659,0.20302297716813703,0.06030736289924173,-0.1973723340491753,-0.2595750618023599,-0.760107904759272,-0.7402939205108463,-1.1791512078345505,0.5049503293782536,0.18046545214433476,0.15646365464556564,0.12092179899614436,0.11362929137037558,0.06888293549011133,0.0702613921506578,0.04530263386836854,0.24407284133444193,EMT_mesenchymal,1.9570728408676392,0.4061579981462643,NF1,1.0
TCGA-44-2661,0.6373277361936486,0.686106907715659,0.8085767273606076,0.6883154986994082,0.29987223805692076,0.12874582597457987,-0.7643714999762871,-0.10005004342684527,0.15801380184030386,0.1659126681028315,0.18752860125394938,0.16627950627431637,0.11275607807795024,0.09502124255175685,0.038899568050464815,0.07558853384842694,Club_secretory,1.9930265537220702,0.11005955156941949,EGFR,1.0
TCGA-44-2662,-0.843944563135163,0.0024116194443874286,-1.0525989576209485,-0.8877266921010832,-0.16097059042159825,-0.08136135157481368,0.7178714580718955,1.1747167858694216,0.046470019463854144,0.10832798730867785,0.037718585892146266,0.044479358738076485,0.09199933370244599,0.09962275212616244,0.2215444802626357,0.34983748250600105,EMT_mesenchymal,1.7960624932145668,-0.7359832969473707,BRAF,1.0
TCGA-44-2665,-0.5986279696759004,0.40774749302521474,-0.5626595731782288,-0.5636611053800646,0.2439439833116099,-0.35940606196846175,-0.7295812839657838,1.5599271873813367,0.0528084996714311,0.14446649600094114,0.054742509846427485,0.05468771090603928,0.12263888089132466,0.06708054517040207,0.04632671729591223,0.457248640217522,EMT_mesenchymal,1.6915053371775137,-0.2870475298177785,ROS1,1.0
TCGA-44-2666,0.4262300919864391,0.3482230255168235,0.34499721457266214,0.13831990737971855,-0.19701423844033972,0.47569701344651205,-0.680750840170159,-0.6175076485181727,0.17046316351170587,0.15767124810138197,0.1571634499344586,0.1278182124201306,0.09140268854402196,0.17910749298257211,0.056347523525697656,0.06002622098003113,Mucinous_gastric,2.004236108819291,0.2496047702664623,BRAF,1.0
TCGA-44-2668,-0.6814226154235846,0.3351848869473779,-0.809823250934923,-0.9073364739266193,-0.07854989440146713,-0.5041131312142464,0.7333191606150287,1.306031965680981,0.05031494206555975,0.13906057009849185,0.04425203930755852,0.04014059769220648,0.09194355102985803,0.060076069016301956,0.20706730140608448,0.367144929383939,EMT_mesenchymal,1.774120526278587,-0.5989704261540351,KRAS,1.0
TCGA-44-3396,-0.32315635085149313,-0.1611332520057379,-0.3395165082945891,0.03586520964930242,0.022030951130668622,-0.17513456987111756,0.27430623762560286,0.9422850277308848,0.07983688553051295,0.09387918796206361,0.07854136784593874,0.11432064582238824,0.11274999390646648,0.09257391470674489,0.14510363493734899,0.28299436928853594,EMT_mesenchymal,1.975370832105626,0.179708380090182,ERBB2,1.0
TCGA-44-3398,0.36899864753188155,0.9273567952639767,0.3148176454069726,-0.10002375555560604,0.8803533298151467,0.15022608562255665,-0.49161419006071866,1.0218626021469035,0.10946110211176235,0.19131617042620316,0.10368819307187464,0.06848035057533769,0.18253171460347925,0.08795248208937273,0.04629141009148404,0.2102785770304862,EMT_mesenchymal,1.9715586522706627,0.1405650110586046,,0.0
TCGA-44-3917,-0.41693879137051426,-0.47830296137565853,-0.5721820349628507,-0.18832083597877247,-0.9833817464485965,-0.45452891894164904,0.5158213883675222,-0.21299011534683548,0.10692960139195075,0.10056522450192905,0.09155386095558479,0.13439572807206127,0.060686892271402844,0.10298471296951171,0.2717631369165379,0.13112084292102158,Proliferative,1.9832586516158,-0.01041547371704487,,
TCGA-44-3918,0.015403949385191426,0.4837156839325893,-0.36694530804509473,0.021735543051015438,-0.7012103306390196,-0.33897313508025434,-0.17275176932028344,0.8374528695913637,0.11655610140510811,0.18617450797185187,0.07952118441477843,0.11729642853049567,0.05692635609748964,0.08177696723003403,0.09656506168474584,0.2651833926654964,EMT_mesenchymal,1.9618067203911274,0.11975483807531266,NF1,1.0
TCGA-44-3919,0.650731755886237,0.2774203810653073,0.5296327308679999,0.6216592485302944,-0.16024034559889427,0.061850725786557814,-0.027386911205297924,0.1527209019520023,0.1766651432298824,0.12162526505603345,0.1565158166290003,0.17160298590098264,0.07851455276348289,0.09803995155395831,0.08967010424666386,0.10736618061999618,AT2_TRU,2.038529595520694,0.39992961073938144,ERBB2,1.0
TCGA-44-4112,-0.01659923119133308,0.03769421235676229,-0.1787992035447664,-0.5384092030368313,-0.1345371458434813,0.0582046520306933,-0.028038854243849044,0.6895143603319681,0.11791531985924288,0.12449433116835362,0.10025999542282225,0.06997631073420225,0.10479738548185943,0.1270741306098017,0.1165740992038358,0.23890842751988198,EMT_mesenchymal,2.0192968423542648,0.5002288028188279,ARHGAP35,0.0
TCGA-44-5643,-0.6646591225632515,-0.3228524264140415,-0.46397628777319866,-0.69563356136658,2.5233080202518234,-0.5949489726574418,1.293159755067653,-1.0613506296442226,0.026548489380073426,0.03736668548587263,0.03244854758792466,0.025738769861399523,0.6435115603726905,0.028465220217467346,0.1880657670759879,0.017854960018583898,Basal,1.195701800933356,-2.264183542861587,,0.0
TCGA-44-5644,-1.1410057983924533,-1.2902616657754913,-0.6298784714313109,0.05070827722734951,-0.43818321745384836,0.1489837831336745,0.47493264769573207,-0.8589738609929795,0.05310149461881568,0.04573890312775084,0.08852919654404919,0.1748483716661081,0.10723553276093656,0.19290438596183937,0.26723903529999565,0.07040308002050469,Proliferative,1.9128480958228815,0.15129420396389182,NF1,1.0
TCGA-44-5645,0.571333801944685,0.4814724864893283,0.3834706225441516,1.27201780742917,-0.2935895515466408,-0.22700669149705435,-1.2226828115918962,-0.1935282874837839,0.15972489727661496,0.14599781092131597,0.13236850849441045,0.3218665275336962,0.06725757085199228,0.07188822268004769,0.02656079695051597,0.0743356652914065,Ciliated,1.8668332982458953,0.29113797726071955,EGFR,1.0
TCGA-44-6144,1.3195655791841738,2.3375499423512385,-0.18823954456221154,-0.47679370456667297,-0.06633483937578338,-0.19851151300397843,-1.8133943243329704,0.11293690599525265,0.20133152391086093,0.5572072677685989,0.04457386934864918,0.03340126048284069,0.05035271314780786,0.04411835150707925,0.008775756869014115,0.0602392569651491,AT1,1.3997228583630352,0.33173558803628483,KRAS,1.0
TCGA-44-6145,-0.1519450965595926,0.5911124370711145,0.4233382760445213,-0.6100002715497225,0.5310009969474601,0.494292538060405,0.13745910348706403,0.5091277569828474,0.07890760252814122,0.165891691296994,0.14026885197695513,0.04991005097020836,0.15621350185781616,0.15058311853077352,0.10539147808554832,0.1528337047535634,AT1,2.0228450182720854,-0.383619710119197,KRAS,1.0
TCGA-44-6146,0.14237378298315756,0.7339582204429751,-0.004594472902549075,-0.8779189913587617,-0.36674045370267117,2.0996738413123888,-1.4583005490301308,-0.45785907191902164,0.0802419011562425,0.14498499788498148,0.06927454902891851,0.028926353412866302,0.048227606210583994,0.5681275168807924,0.016189639566739585,0.04402743585887509,Mucinous_gastric,1.4415314758580773,-1.082996783462695,KRAS,1.0
TCGA-44-6147,0.03286174372620579,0.4670154128470208,0.9164867253972101,1.4808572685604133,0.7614473421445995,0.299822060061242,-1.047028932144061,0.6221074857420192,0.06785049461626928,0.10473782733504218,0.16417479079151887,0.28867520585416134,0.14059624534757048,0.08861197375473603,0.023044243538646626,0.12230921876205515,Ciliated,1.9086297354024184,0.1719519662342389,EGFR,1.0
TCGA-44-6148,0.6069767744432842,0.5019443160412109,1.1563798537340941,2.4295579278867003,0.9460307334325337,0.9429410448422465,-2.2849801713238813,0.40098305321804545,0.07411504373282145,0.06672542552937273,0.12838346559297056,0.45860977472857156,0.10402928957522783,0.10370836749611285,0.004110980585230952,0.060317652759692135,Ciliated,1.6569572680021505,0.2960019201398624,ARHGAP35,0.0
TCGA-44-6774,-0.7289125814821807,-0.19726666780266375,-0.8102150355698823,-1.061365645046116,-0.2876142509442578,-0.12275445276580595,-0.1983351480037035,1.9540358248233736,0.04156797751055784,0.07073751207285163,0.03832213418721148,0.029810987568189735,0.06462675117831172,0.07620966014215806,0.07066197080609174,0.6080630065346277,EMT_mesenchymal,1.4122362041694516,0.4354814279085957,BRAF,1.0
TCGA-44-6775,-0.3496084965434687,0.28544562083682734,0.23652399083987277,0.4555487721619268,0.45468118582170225,-0.0015432430098019237,0.12694515204724027,1.2753061180038363,0.057933633625924075,0.10932796577028676,0.10410818459383434,0.12960033596943357,0.12948794524963436,0.0820528343483577,0.09330295283344893,0.29418614760908035,EMT_mesenchymal,1.9584613626933502,-0.37935050895683076,MET,1.0
TCGA-44-6776,0.7806918767750831,0.09918713906276583,0.8866197636104889,-0.2618725609518543,-0.21665720691328808,0.3060414604787711,-1.480920382299141,-1.0668303346058197,0.23680328161925338,0.11978818084066935,0.26326408344209806,0.08348486211423276,0.08734630000528508,0.14731591240256223,0.024670729539389567,0.03732665003650941,Club_secretory,1.863108821742175,0.7126219361739794,KRAS,1.0
TCGA-44-6777,0.5884156406905591,-0.20989721089113966,-0.6108983910232769,-1.0236978590261836,-0.4312991276042103,-0.5271465858991013,-0.5309261319788384,1.3109877156331502,0.19898114669690317,0.08955896439751432,0.059973095199070896,0.03968989337327856,0.07177206343747568,0.0652122838262432,0.064966276186014,0.4098462768835002,EMT_mesenchymal,1.7444638443611287,-0.11998161834902597,KRAS,1.0
TCGA-44-6778,0.6953616945239905,1.2732897129423306,-0.1458340798109646,-0.3957981072922114,-0.8441515107591464,-0.12763841026679704,0.5254267882045637,0.41301832043447906,0.17239312826392605,0.3072634480582047,0.07433498660312096,0.057894228339869895,0.03697582397107053,0.07569994193380972,0.14545148460359375,0.12998695822640444,AT1,1.8867478266809543,-0.19704086400352505,,0.0
TCGA-44-6779,-1.9059264242817493,-0.06237906035952937,-1.2211361570927897,-2.34987272793223,0.44289583871496874,-0.8217253196495271,0.7133216795089864,0.7739078378370658,0.01934904032397253,0.1222649225198676,0.0383760316822696,0.012412406777060483,0.20264690606635474,0.05721659205516248,0.26557331087141056,0.28216078970390196,EMT_mesenchymal,1.7091797905057131,-4.970622453220277,RIT1,1.0
TCGA-44-7659,1.0452536396674006,-0.523457304415613,1.2707652134712044,1.4196469174494515,0.2532871186120008,0.19654317386281045,-1.5202664650824818,-0.9189521490896406,0.19946336217175203,0.041550918506896094,0.24992031948671065,0.29004145150338123,0.09034756357424785,0.08536362774089662,0.015334580883102269,0.02797817613301323,Ciliated,1.7506539150292926,0.8220960739533503,KRAS,1.0
TCGA-44-7660,-1.9063668842500843,-0.5656497044514769,0.12799310631845381,-0.33782350578745074,1.0016581356217304,-0.22853418317517663,0.911520812387173,-0.18585155989085045,0.01580473725380234,0.06040228293011291,0.12086445509280082,0.07585723597639892,0.2895519537406035,0.08461761180911388,0.264594222850293,0.08830750034687462,Basal,1.8200662673682777,-3.0199551651391037,,0.0
TCGA-44-7661,0.42220037530129634,1.1765013871285455,-0.5644179704994366,-1.227521119446514,0.45324103923650116,-0.31633660040394945,0.947497827873869,1.5371936278646252,0.10059438309569865,0.21387621945092203,0.03750514322608324,0.01932452331314338,0.10376586737833803,0.04806524921022362,0.17010125453275235,0.3067673597928388,EMT_mesenchymal,1.805094862440491,0.016770128511583323,KRAS,1.0
TCGA-44-7662,-1.4237114687725698,0.8870399039973395,-1.2600833754685994,-0.426208677393173,0.08321025364155227,-0.7190323464308914,0.8742662545046805,1.368228058174391,0.02093190919143191,0.21103544876807817,0.02465310469169982,0.05675691740967519,0.09446188999172811,0.04234938387461421,0.20835689975869148,0.34145444631408106,EMT_mesenchymal,1.7138718716599544,0.01772484482942687,MET,1.0
TCGA-44-7667,-1.0014144860349568,-1.1916437512899178,-0.7216720226285614,-0.3881785714470176,-0.6764408693632503,-0.44116669229342376,1.9494860452405849,-0.24897726159928682,0.03404094404963659,0.028144016425083334,0.04502898980613246,0.06285308075689551,0.04711246678273812,0.05960931361676169,0.6509706574389095,0.0722405311238428,Proliferative,1.3103923519208154,0.37819844883799447,NF1,1.0
TCGA-44-7669,0.16326818908057508,0.5830880208468345,-0.06540813311901941,-0.12151486538880467,-0.48670408527400716,-0.034945815631273254,1.361238072226711,0.23765814414609998,0.1020167103734362,0.15523753982598734,0.08116306708618777,0.07673466581674675,0.053258869425562995,0.08367352526182006,0.33802048839621185,0.10989513381404704,Proliferative,1.895948252235892,0.2566312376992748,,0.0
TCGA-44-7670,-0.017752815226690293,-0.04547838172121773,0.7933708726509924,1.6811475041726995,0.7680752414847459,0.4754689711061197,1.1364449069958495,-0.012962375799198702,0.056500021062748984,0.0549550426411921,0.12714964486468397,0.30893822269109594,0.12397365305372722,0.09252351211789481,0.17918857325091944,0.05677133031773761,Ciliated,1.8969010041663643,-0.3583424590372492,VAV1,0.0
TCGA-44-7671,0.36397949112258915,-0.6812950984364535,0.890306321831522,0.9102095803692711,0.7949337273077997,0.03986390904287331,-0.82570242243719,0.1293467672931363,0.12302997100652867,0.043256754857158526,0.20825323666169407,0.21243967838790798,0.18930930818181008,0.08897117228301411,0.037440240636679306,0.09729963798520729,Ciliated,1.9295172139239236,0.02313490396387243,KRAS,1.0
TCGA-44-7672,0.13519139088275953,-0.06288758226806133,0.3048454249189164,0.6320830710365063,0.10817038708306023,0.2845104419908709,0.42373578551623226,0.7645470114492368,0.10005930297828693,0.08207915338405088,0.11855975250467769,0.1644579180497812,0.09739180175362594,0.116173189558632,0.1335274980632687,0.18775138370767674,EMT_mesenchymal,2.0450122360171594,0.1433836973303325,KRAS,1.0
TCGA-44-8117,0.07000665615347457,0.12783299210946442,-0.6079346074325286,-0.9265323213981287,-1.0231657904805493,-0.5237619886441893,-0.1919210133789002,0.14890939487801802,0.1761988362018436,0.18668812511967212,0.0894492875296224,0.06504466130449506,0.05905331393286929,0.09730442477011618,0.13559675424371503,0.1906645968976664,EMT_mesenchymal,1.9936119385944238,0.6180140953438836,,0.0
TCGA-44-8119,-0.6486629122834882,-0.43642084991961255,-0.4689050983467559,-0.8765959066399664,-0.13645082362316005,0.1715311663456462,0.7030038833147889,1.2207153604237782,0.0540026904446458,0.06677147248611519,0.06463730250601395,0.042995732819595005,0.09012935867903583,0.12263689877257332,0.20865885882709906,0.3501676854649218,EMT_mesenchymal,1.8193462621616954,0.5342718354644813,NF1,1.0
TCGA-44-8120,0.2767456775906455,0.7720678479237185,-0.87701032100674,0.3353558985734591,-0.08483361382612674,-0.6749618193270126,-0.829185170137686,0.41439166770484703,0.152022655060444,0.24947325786052363,0.04795550287856958,0.1611990242755589,0.10589523589555568,0.05869309332049624,0.05030470987771066,0.17445652083114133,AT1,1.9318055971332861,0.7344894861207726,,0.0
TCGA-44-A479,-0.5466698496753704,-0.3061538144086147,-0.5910219588414208,-0.7110229514800854,-0.5145032969441956,0.35870337011638076,0.31713377112244573,0.7212301977476582,0.07402988592490917,0.0941590064136659,0.07081825216084114,0.06281009278628144,0.07644988501006227,0.18306514906663543,0.1756112062926406,0.263056522344964,EMT_mesenchymal,1.9406792392725223,0.5773249951310364,,
TCGA-44-A47A,0.8190785763539039,-0.4911557056195335,-0.5865048020949002,-0.12107532463234065,0.08084912055243992,0.1537774135240698,0.3104946053439561,-0.3488207339033387,0.2624676927249835,0.07080245796738097,0.06436336602275455,0.10251140883970405,0.12544890489025898,0.13493954135250885,0.15783402845747357,0.08163259974493564,AT2_TRU,1.9752356903655242,1.0990547314915262,KRAS,1.0
TCGA-44-A47B,0.8563058861749079,-0.8059062105453657,-0.7853025589929958,0.18726058455924668,-1.0046299900359932,0.15570766258033347,0.0002518329543465869,-0.2105544301049906,0.3015388643597543,0.05720760330638097,0.05839851526935879,0.15444740375265437,0.04689743743271255,0.14965021748885812,0.12810431052040924,0.10375564786987182,AT2_TRU,1.9056221416046808,1.1806602453262316,ERBB2,1.0
TCGA-44-A47G,0.27606380364081434,0.3603024861050679,0.7057511962063564,0.5905056655473605,0.39344780254541417,-0.19732477728917786,-0.1864427826314053,0.7367952400601728,0.1116503105682116,0.12146309142713403,0.1715816338484833,0.15290451197384328,0.12555648773867525,0.06954563661201901,0.07030656455607674,0.17699176327555688,EMT_mesenchymal,2.0295009514309625,0.3436468106684258,MET,1.0
TCGA-44-A4SS,-1.2581209435305254,0.23811190063507748,-1.164563965586949,-0.45848390262074407,0.5733780997798209,-0.0990767107606647,0.1928257017900877,0.5405616619697532,0.03505499696346124,0.15651486886706448,0.038492951552716925,0.07798801889231192,0.2188567077918813,0.11171627551052443,0.1495850033243505,0.21179117709768913,Basal,1.9223861078856337,-2.3736576806409575,ERBB2,1.0
TCGA-44-A4SU,-0.24050055156697758,-0.4133595213332439,0.6446779511575478,0.8231951204486204,0.42995583184478403,-0.2156421697212601,-0.7116152813092259,-0.08940495094183405,0.08382620261580387,0.07051931678420324,0.2031458393851562,0.2428493545582757,0.16389107370086983,0.08593610206417249,0.05233319687804922,0.09749891401346947,Ciliated,1.9509666330439366,0.5692781004520708,EGFR,1.0
TCGA-49-4486,0.4593223335014627,-0.37472981737426575,0.3494548854374719,-0.2619238083557773,-0.4426204273274688,-0.27937705302763216,-1.6605837505618979,-2.6532426004502936,0.25877038113987655,0.11238033406219827,0.23184607023758091,0.1258002041791426,0.10500398988485664,0.12362363181210671,0.03106354748391792,0.011511841200320365,AT2_TRU,1.8494619232086522,0.8041837773233371,ARHGAP35,0.0
TCGA-49-4487,0.1014242219575996,0.31598154007523266,-0.3079227506219397,-0.7724924443259572,-0.23413026592230327,-0.028886097035857747,1.151741140940866,0.3997798757242265,0.10965305170690168,0.1358944693605393,0.0728188123514638,0.045759738823980614,0.07839552274968357,0.09625596899980994,0.31344948816295853,0.14777294784466258,Proliferative,1.916614099440505,0.39451955160493546,,0.0
TCGA-49-4488,0.13475010088969194,0.0963574102598371,0.34330276129462234,0.3684138416150685,-0.3823319899188484,-0.1635684469433312,0.19882669094198419,-0.29883711580248873,0.1331535762207317,0.1281383423461371,0.16403106504464365,0.16820221414417466,0.07939386352418212,0.0988085977424406,0.14196488815866556,0.08630745281902456,Ciliated,2.0465145753206464,0.869149949618487,NF1,1.0
TCGA-49-4490,-0.45354363010196125,-0.4324252519852268,0.5818889887813745,0.3352768159085841,0.9236764539860558,0.23798362059892064,-0.8594162087716957,0.21128726456410885,0.06406292355431276,0.06543021527326391,0.1804219726410144,0.14098961383225506,0.25393691371751137,0.12791846024461473,0.04269121674427329,0.12454868399275432,Basal,1.9448146947917837,0.2491298952019339,EGFR,1.0
TCGA-49-4494,0.4644095451188184,-0.023832193041644023,0.5640336838418631,-0.27093902087147725,0.48927299964185056,0.26715403127448584,0.7112478365294453,-0.7120210474741209,0.15077716512464662,0.09253262463065656,0.1665719183043072,0.07227327736848069,0.15457299954711257,0.1237851628538184,0.19299056672073045,0.046496285450247504,Proliferative,2.0013182942973016,0.1668424411401975,EGFR,1.0
TCGA-49-4501,0.7137544927379452,0.06166487123438694,-0.04211665219036853,0.31067358006802365,-0.31045315315866895,0.16162444991771457,-0.927386333321224,0.095990726858907,0.23113231670384937,0.1204097758823769,0.10854004694952128,0.1544560258428165,0.08299519381045709,0.13306800366458416,0.04478393673307106,0.12461470041332377,AT2_TRU,1.9965378116366983,0.46475939498912505,EGFR,1.0
TCGA-49-4505,0.30680491987263264,-0.14717208311537996,0.2637538544744795,0.08381112229867538,-0.5458038755185188,-0.6414653498210091,-1.3151931441879965,0.005142804395950736,0.19440566099421866,0.12346651787103309,0.18621388763076166,0.15554782091926087,0.08287539515273797,0.07531480599593171,0.038395833376352766,0.14378007805970344,AT2_TRU,1.9842921844749493,0.1451567419206129,KRAS,1.0
TCGA-49-4506,-1.689891543698203,-1.2232946813997159,-0.8413621526721234,-0.7127234951749989,0.23208827769761547,0.07595121276947564,0.4290279269932881,-1.0587972938980952,0.032818661673706125,0.05233127419755548,0.07667124210388115,0.08719660141766065,0.22429835968523704,0.1918742219849675,0.27312150727408424,0.061688131662907805,Proliferative,1.8545066972273443,-2.6245662215065506,KRAS,1.0
TCGA-49-4507,-1.6577846939938239,-0.27427459296288337,-0.7846984065156469,-1.1120524479341234,0.528335112002486,0.07780427641260344,0.9798140198650899,-0.4585602596243933,0.02440271081591279,0.09733944728232712,0.05842714027514695,0.04211594757429378,0.2171990102386809,0.1384187063512246,0.3411399961748396,0.08095704128757429,Proliferative,1.7924578642722921,-3.2028060713470063,ARHGAP35,0.0
TCGA-49-4510,0.9149088793691945,-0.7193212378033204,0.8629629171047553,0.7563319002824197,0.07242136889805326,0.2475497911878487,-1.9881390491632214,-0.8691668946354547,0.2401336493895382,0.04685068003013325,0.22797812435456474,0.20491979562205329,0.10341066814807183,0.12320338823406504,0.01317271588809452,0.04033097833347916,AT2_TRU,1.8270001798402946,0.44921115781281895,KRAS,1.0
TCGA-49-4512,0.29261719167939887,-0.5468765554417407,0.6262788705840882,0.36449767552867834,0.4264232777038228,-0.04481914701228788,-0.4789461828846326,0.7768226787598816,0.12747833536024866,0.05506160692652843,0.17796877442454706,0.1369789021777822,0.14572955157437162,0.0909682088994643,0.05893193046077422,0.20688269017628366,EMT_mesenchymal,1.9932977162577799,0.7336256951665334,EGFR,1.0
TCGA-49-4514,-0.40979139565754924,-0.6911209670239832,0.671529378198778,0.5674118596735703,0.11026427753516344,1.242015187005098,0.9924092108072516,-0.887781657701303,0.05278982573522348,0.03984468042523491,0.15565456912679082,0.14026335084553074,0.08879889008953863,0.27537259193209046,0.21454490938167012,0.03273118246392068,Mucinous_gastric,1.8610355237508611,-0.3297009695019488,RIT1,1.0
TCGA-49-6742,0.37231812962967686,0.08444268332785138,0.3532271068051935,-0.22439613717404022,-0.0002013651030900454,1.3866593332979915,0.8838540373848429,-1.097134115338024,0.1159284857933727,0.08692955281731604,0.11373628468746148,0.06383229365341037,0.079874288459038,0.3196781482327034,0.193351428651334,0.026669517705363903,Mucinous_gastric,1.8658430419067606,-0.5438756634714736,,0.0
TCGA-49-6743,-0.04738758608371738,0.021842567024669128,-0.09253408041076079,-1.474463647927607,-0.13585280609685402,0.1957329213820466,0.9928780971996947,0.36215137761388194,0.10210125174435039,0.10942015861009663,0.09759424150960708,0.0245052878098253,0.09345684370291514,0.1302017919250637,0.2889433558442018,0.1537770688539398,Proliferative,1.9266494626595387,-0.3694353533969529,,0.0
TCGA-49-6744,0.45142803349229804,0.7300493696063778,0.09741858342305833,-0.33010603566702257,0.06136269301731211,0.11714734793951002,-0.4482580363976261,0.7976099688076953,0.1493852541579462,0.19738376975366403,0.10484877955257754,0.06837412737036197,0.10113570480540504,0.10693785612459941,0.06075458165233186,0.21117992658311385,EMT_mesenchymal,1.9935357187890572,0.40433949087418153,KRAS,1.0
TCGA-49-6745,0.6005321630460897,0.643129397356944,0.2846173463259363,-0.16329778158162891,0.4997809004791651,-0.20903795053008878,0.6473976848872964,0.787539800128525,0.14617013917839908,0.1525311007165487,0.10657579938981677,0.06809755677147698,0.13216088649646066,0.06505292481354297,0.15318353871769594,0.17622805391605884,EMT_mesenchymal,2.028015684501814,0.07496236121822568,MET,1.0
TCGA-49-6761,0.30115294457786673,-0.15617737845572505,-1.3380727427875823,-0.5434427739732167,-0.17072930476631576,-0.3229711444931502,0.4466103379740963,0.0780934070577391,0.18611487422133657,0.11780535909883892,0.036130536675041236,0.0799793413230642,0.11610347705750212,0.09970741001688693,0.21525459273140807,0.1489044088759219,Proliferative,1.9809646115329422,0.8615122190757403,KRAS,1.0
TCGA-49-6767,-1.0018818878203326,0.13706315890762555,-1.1034487551054528,-0.36086757290618127,0.059113836402138256,-0.7829855470575763,1.2147323278140907,-0.24817325864088285,0.044722075586917626,0.1396881289632777,0.04040285187455699,0.08490063355265533,0.12921309813160936,0.05566566788922414,0.4103791368174663,0.09502840718429273,Proliferative,1.7673164907196837,0.16670605309479164,NF1,1.0
TCGA-49-AAQV,-0.44674593745202335,-0.6931310525034607,0.5654683286912838,0.4568506821190154,0.25512634125045136,-0.2160186248330982,0.47328347644143565,-0.5586050631981574,0.07308685800850044,0.05712623421734739,0.20111217475185245,0.1804123725323141,0.14745467616026064,0.09205404794426476,0.18340154490553434,0.06535209147992581,Club_secretory,1.9774348201488083,0.5069942263832429,,0.0
TCGA-49-AAR0,0.58293895750856,0.5432995595156276,1.0083285087628056,0.7768142974798763,0.08162428708043211,-0.003397538015914218,0.30788340710500783,-0.24761155250768022,0.1415888683551408,0.13608615351040093,0.21665735927628815,0.17188109074067184,0.08576516265933985,0.07877463619350657,0.10754098325058631,0.061705746014065525,Club_secretory,2.0047480671202678,0.5236790306046004,,
TCGA-49-AAR2,-0.14177907694085137,-0.9822951908434138,-0.291401739084687,-0.015300807609939618,-0.677993354088637,0.49621285412917315,0.2319358306530382,-1.2374830897451894,0.12999831572786702,0.05609268324203368,0.11193281578983191,0.14752531139902678,0.07604362716896902,0.24604474890373443,0.18890351877103545,0.04345897899750169,Mucinous_gastric,1.9462927592080426,0.8448728775361847,,
TCGA-49-AAR3,-1.3110438526221457,0.20383592283396626,-1.4334459822961638,-0.24280077371312395,0.15858033811839156,-0.33395744578073844,0.9728545904972826,0.6822637332662873,0.02984818628984478,0.13577564475879625,0.02640945123760176,0.08686603949765764,0.12976800352658846,0.0792978078122511,0.2929560273067066,0.21907883957055346,Proliferative,1.8424216163792293,-0.2656440508428401,RASA1,1.0
TCGA-49-AAR4,-1.1531576154108685,0.03536943938106395,0.2376963692790961,1.2480960527866032,0.8177638823481177,-0.024138662767288398,0.30883961424586015,0.2684008460336616,0.026270454210088275,0.08622601656296573,0.10556204436557547,0.28994712008333867,0.18855059726525078,0.08124455846752009,0.11334566402821987,0.1088535450170412,Ciliated,1.9099726594783393,0.27890795178228606,NF1,1.0
TCGA-49-AAR9,-2.280959617049945,-0.5783936834497327,-2.3130803165837266,-1.0564005774969523,-0.11340338182450313,-0.16839522245036437,1.1232718050404973,-0.06355505777624403,0.014894246919843998,0.08173979410477016,0.014423435170013928,0.05068013732923124,0.13012964995927037,0.12316678595462323,0.4481851587087622,0.13678079185348488,Proliferative,1.6347298825964935,-5.394743811751735,,0.0
TCGA-49-AARE,-0.7723965038546038,-0.7870131390839583,0.4418967561505052,0.7783857022488132,0.2595681524656528,0.02530387296071511,0.6998352533063817,-0.07610505674238795,0.046596555560097355,0.045920424125494345,0.15693314449046308,0.21971007349641689,0.13077669883634346,0.10346433875025283,0.2031121684825811,0.09348659625835083,Ciliated,1.9540019504071013,-0.15362400288255348,,0.0
TCGA-49-AARN,0.25791980936417064,-0.2557730699090401,0.7740822786014808,0.7695514556231375,0.3672487585561132,1.3613124536062737,-0.06877734044081334,-0.049878594189239706,0.09498346570444147,0.05682690834196109,0.15915288808078545,0.15843342562768803,0.10595683354127819,0.2863158223413255,0.06851177863974721,0.06981887772277325,Mucinous_gastric,1.9364055441759511,0.4402095468160102,BRAF,1.0
TCGA-49-AARO,-0.2588455299535617,-0.034403617788641885,0.8234374766089891,1.5153450194363913,0.5926359841854995,0.24987616300720308,0.058199737268219295,0.6929122752254256,0.05244348888624007,0.06563952960161047,0.15478223510343075,0.3091809601648096,0.12288115906290123,0.08722211234047102,0.07200830466367335,0.13584221017686368,Ciliated,1.9161011173705875,0.33241752826331583,KRAS,1.0
TCGA-49-AARQ,-0.33066105472446256,-1.0933629053049032,-0.16230628420048482,0.5104062997555874,-0.16055132781182466,-0.2601733319727561,1.1332735953600106,-1.0831187418509078,0.08318629936322226,0.03879846998874038,0.0984390360953391,0.1928957750965783,0.09861194398915678,0.08926151089028371,0.3596089939383557,0.03919797063832402,Proliferative,1.8174373162305146,0.6982102660427251,KRAS,1.0
TCGA-49-AARR,0.5248133497367938,0.8975124867841099,1.6206549720546346,2.750450120577706,1.327873270143253,0.21007360825723875,-1.5000116684669536,0.39687976998026536,0.05354180945483067,0.07772383529501332,0.1601810048540626,0.49576380052338376,0.11952466529852691,0.03908438756968475,0.0070684259388346165,0.04711207106566338,Ciliated,1.5560571659005216,-0.23863921785241385,,0.0
TCGA-4B-A93V,-1.0297047489507336,-1.319571813385229,-1.048635833552069,-0.030184829463152502,-1.8075427623050389,-0.17691047642492239,-0.03854409365812068,-0.5565641985057475,0.07967133491706811,0.059623082800219086,0.07817725701415491,0.21646519628263944,0.036600863955773284,0.18692437650744093,0.21466324848965546,0.12787464003304871,Ciliated,1.9280399548520657,0.36651453961486413,KRAS,1.0
TCGA-50-5044,0.24394125601590153,0.12349399045006147,0.5667439198758034,0.11963197117413864,0.7919491905017098,-0.15097152353639084,0.7491406783908487,1.3060331693948648,0.09005847104724461,0.079838981257229,0.12437010047578367,0.07953123621379476,0.1557834765307978,0.0606758862569788,0.14925534440769064,0.26048650381048094,EMT_mesenchymal,1.9731787783052204,-0.17062704587652547,BRAF,1.0
TCGA-50-5045,0.29036455637308106,0.3874670146483607,0.5061880611840431,0.7334147925615296,0.7021893609211658,0.34454584373083985,-0.017455472178806986,0.939867442091733,0.09886122230447833,0.10894242482619194,0.122675244691687,0.15397146730157038,0.14923792975585934,0.10436541630828455,0.0726677035637295,0.18927859124819904,EMT_mesenchymal,2.0410833832084427,-0.030329209835355354,NF1,1.0
TCGA-50-5049,-0.3558476816760183,0.4898907595120343,0.13627710364579027,0.30487636186078343,0.21007091365685843,-0.3298283109004862,-0.03622081723219433,0.8247781041414989,0.06982201459928578,0.1626641745429419,0.1142140295947484,0.13518894587460134,0.12296108839133463,0.07166258083448009,0.0961179631448192,0.2273692030177886,EMT_mesenchymal,2.008094027520583,-0.19572244623126503,,0.0
TCGA-50-5051,0.5454117298863808,-0.7030445407048277,0.3785742063607227,-0.30108577577894235,-0.9506935083577199,0.1485746619018792,0.392575812891121,-0.5023459328200898,0.21424114777901007,0.061475945534575395,0.18132023386218526,0.09189115085551869,0.047990208529443266,0.1440650842448292,0.18387686513754517,0.07513936405689312,AT2_TRU,1.9612393198313904,0.8240509692708393,KRAS,1.0
TCGA-50-5055,-0.011917503991738873,0.1785276317386106,0.8582603592354866,1.2650543184432803,0.8524655702388058,0.13304496256606074,-0.2771976533023235,0.6903303072050171,0.06897645230700483,0.08344688412368095,0.16466992876960826,0.24733334406113597,0.1637184607190748,0.07973651544154349,0.05290432143272798,0.13921409314522376,Ciliated,1.9621656182536966,-0.4814554013572391,MET,1.0
TCGA-50-5066,-0.4288755932042283,0.6362879111669396,-0.7249696736136176,-0.05424198601794302,-0.2143548549211915,-0.25994818878249953,0.6637871180231469,0.5800369109597452,0.0701871992116782,0.2036350561551913,0.05219944520540017,0.10208436243937084,0.08698073742878655,0.08310404287617808,0.2093125643982271,0.19249659228516783,Proliferative,1.9612784404061578,-0.6064323136311142,MET,1.0
TCGA-50-5068,0.21797862925667486,0.36096700577637875,0.5621038497382722,1.0266224412107303,0.1817303577552551,-0.5800930994612954,-0.10990095709071113,-0.4183396346455593,0.11801335398623773,0.1361539408966359,0.16648796223517792,0.2649236309587073,0.11381217659633884,0.05312916683550421,0.08502269331976828,0.06245707517162969,Ciliated,1.960113662908943,0.19930279594687167,NF1,1.0
TCGA-50-5072,0.3140883009521958,0.3189653371674639,-0.21158872340025633,-0.4908958266200876,0.36036443871596774,0.6685652723712887,1.2804449340850101,0.21045047039908762,0.11054805086171819,0.11108851456856836,0.06535103328595755,0.04942548334112961,0.11578400316020598,0.15757905160243335,0.2905590741568475,0.09966478902313941,Proliferative,1.9442326591475805,-0.49354847471658825,NF1,1.0
TCGA-50-5930,-0.25069073646144174,0.010445787142193673,0.6166559693183745,0.06767327071332803,0.23105792796549368,0.5323649895302535,-0.2732353831123995,0.2531197150938296,0.08004071111589076,0.1039252528131866,0.1905438020128108,0.11004610357097139,0.12957813504461813,0.1751409573318788,0.07825641035476197,0.13246862775588142,Club_secretory,2.033234909037978,-0.2992864353763676,BRAF,1.0
TCGA-50-5931,-1.3185505473123424,-0.9783666855981039,-0.5725657500906459,-0.23232508860563936,2.1304113054208345,-0.512813879466986,1.1605914355435352,0.44113900888371227,0.016970869560251227,0.023847566549849934,0.03578336484152877,0.050285852628222244,0.5340343547853855,0.0379866577719178,0.20247983509645232,0.09861149876639219,Basal,1.4388555381073322,-2.416756302989315,FGFR1,0.0
TCGA-50-5932,0.22992480031915355,-0.2581754103152285,-0.13466034400677115,-0.6775981110051509,-0.6182681663317761,0.24673283393582926,-0.3790174849107998,-0.9406432558393506,0.19955884534998666,0.12248749539453842,0.13859056525297422,0.08052649378926902,0.08544869952791859,0.2029413844132273,0.10854522123948887,0.061901295032596934,Mucinous_gastric,2.0026633876147386,0.6337896459291998,KRAS,1.0
TCGA-50-5933,-0.5691706403160235,-0.30312800516223837,-1.8966575018364313,-1.1136545181796123,-0.5978973574935029,-0.7999572113348113,0.5635784735835776,1.1329146827821706,0.07404545294158996,0.09661381744640117,0.019632616142206304,0.04295681272333645,0.07194863174506433,0.05878534343735767,0.22985030460444428,0.4061670209595997,EMT_mesenchymal,1.6907641446329835,0.04495699122886332,KRAS,1.0
TCGA-50-5935,0.920123718136849,0.00640625344860669,-0.11211359872242944,-0.17211067493803633,-1.0366561956851474,-0.13817168560166498,-0.8477452658435476,-0.2463048471796784,0.32645181753513575,0.13091717881852924,0.11628511325135328,0.10951351563739202,0.046131796973851676,0.11329408514894304,0.0557241363773357,0.10168235625745932,AT2_TRU,1.9060290486611182,0.737671873846917,EGFR,1.0
TCGA-50-5936,0.033533650054250436,-0.5489519292134782,0.014548246001094991,-1.1528956371933858,0.44996855827580384,0.35781624392888617,0.2803202033967708,0.45934280574037245,0.11688620578119387,0.06528193045155878,0.11468800681120768,0.035686468171191824,0.1772632240813307,0.16165807479015995,0.1496033434712079,0.17893274644214927,EMT_mesenchymal,1.989744280392435,-0.42808221292161563,KRAS,1.0
TCGA-50-5939,0.010244318413564957,0.5859617068928158,-0.33005125748468345,0.2224890777944932,0.00467504311394102,0.0034031511058568793,0.17960814944553527,0.4258969375753302,0.10622527800877023,0.1889116587271689,0.07558565581363856,0.1313422960776444,0.1056353245233205,0.10550105320569682,0.12582926321648055,0.16096947042728002,AT1,2.0443699537445723,-1.418804974752201,,0.0
TCGA-50-5941,0.5303615608127866,0.7161046201553792,0.35078395601369117,-0.018796073687867128,-0.0021139990918320663,-0.3081713484726892,0.3857734455963182,0.1465340338338862,0.1617261088483148,0.19473648343243558,0.13514207243712004,0.0933864802594141,0.09495742738632643,0.0699213688830647,0.1399543227178326,0.11017573603549187,AT1,2.032950588984204,0.1597048000972735,KRAS,1.0
TCGA-50-5942,0.9113496952344334,-0.1939995077108348,1.1015134083171148,1.146553794922443,0.028877713383028705,-0.10531760525304525,-1.8659828544792645,-0.5103318253592506,0.2047175331515586,0.06778100130705993,0.24759512584037757,0.25900185960129934,0.0847036894771836,0.07406653726406577,0.012734293020415573,0.049399960338039756,Ciliated,1.8086919416157683,0.5203602548330497,BRAF,1.0
TCGA-50-5944,0.6031116201545478,0.2796417300403314,0.5812928146364299,0.15695594969107532,-0.21908484981189338,-0.6293459456851527,-0.8590782159399513,0.4404586663834038,0.19399431685839985,0.14038083423497238,0.18980743506637668,0.12417268200134046,0.08525377477964523,0.056563918423722374,0.04495396778025562,0.16487307085528746,AT2_TRU,1.977233414261859,0.3591950478447319,EGFR,1.0
TCGA-50-5946,-1.0079450583794678,-0.3953656885975267,-0.08480664942793177,0.6229449176123575,0.6511438402725795,-0.22202570165636706,1.7809643009815996,-0.21452046028422178,0.027477091185339062,0.050700307692862205,0.06916472778883312,0.14036449649989732,0.14437895983688695,0.06029637382860829,0.44686742803643886,0.06075061513113423,Proliferative,1.689177638029679,0.5535025498667545,BRAF,1.0
TCGA-50-6590,-1.5845717911910837,-0.015307036152223705,-1.7735602536567592,-1.2939677823123128,0.6633038234110371,-0.7204353645912508,1.1457600858744044,0.774623043293052,0.021867909628632994,0.10503409413275357,0.018102169373397904,0.029242532949746467,0.20703665668894175,0.05189158690657539,0.33540948394328113,0.23141556637667082,Proliferative,1.68086415531973,-3.769907564145956,,0.0
TCGA-50-6591,-1.951798438360722,-0.709456847158398,-1.115830990726182,-1.7584250752098678,-1.33994913755366,-0.9782641648894312,1.7503186213196287,1.1780637588481273,0.013178864819588893,0.04564782622212535,0.030404233056105588,0.0159903874848569,0.02429969252945507,0.03488820023262304,0.5341792495936835,0.30141154606156173,Proliferative,1.274118300238099,-0.6909474391011515,EGFR,1.0
TCGA-50-6592,-1.0291884045092046,-0.048527184900854184,-0.8853539919412092,-0.20927440585767168,-0.0425518364301332,0.20914111817120912,0.963893294038504,0.5013591732894626,0.0397107802408023,0.1058776215035673,0.04585375560291838,0.09015556625134198,0.10651217112682541,0.13699606682398424,0.2914021849860645,0.18349185346449592,Proliferative,1.9054208986037255,-2.2692299005416157,,0.0
TCGA-50-6593,0.268575469235851,0.22934963684001308,0.8691064799753238,1.1127646954394064,0.7560826033192005,-0.051155035736151835,0.3942450843690234,0.7598614033105955,0.08901840252866709,0.08559417963753749,0.16228825876015032,0.2070649152918508,0.14494440461168476,0.06465804995324459,0.1009386325310985,0.1454931566857664,Ciliated,2.015856620087242,0.25044831297419395,NF1,1.0
TCGA-50-6594,-1.0495860803922976,-0.950511466338575,-1.8842425534819234,-0.23444588277535144,-0.9245210338829641,-0.894376022683476,0.7085284140165811,-0.2061924847474717,0.06568351767195983,0.07252436943341233,0.028508193818415156,0.14841141066647381,0.07443401795754907,0.07671199457656216,0.38106216168703655,0.1526643341885912,Proliferative,1.7986177770207976,0.5222242247869344,BRAF,1.0
TCGA-50-6595,-1.046974149702867,-0.1094335184957562,-0.26845849214858075,0.11420652373306542,1.110405508386255,-0.21374609833842062,1.124945373224182,1.6664214609667134,0.02286742977745596,0.05839640028073763,0.04981067284638937,0.0730317509519562,0.19776773286750837,0.052611865232259476,0.20066425546751265,0.3448498925761803,EMT_mesenchymal,1.7576726521065569,-1.222224338640075,EGFR,1.0
TCGA-50-6597,-0.05277336288414486,-0.25787843177019043,-0.20139844088758488,0.83542986825538,-1.386718783708688,-0.1543225813140973,-0.4516036028467053,-1.404954437477839,0.13881437706302885,0.1130728786881587,0.1196430283766672,0.3374241873460916,0.03656868243839487,0.12541000446313855,0.09315896955134874,0.03590787207317168,Ciliated,1.8631146503078657,0.22257968902952846,MET,1.0
TCGA-50-6673,0.0637992235748761,-0.24958540964118792,0.4415094427661725,0.6060119884378284,0.4249486213789969,0.6338533922237577,-0.09114657883106785,-0.04270356431140245,0.10133260686456359,0.07407096427705,0.14783820448089166,0.17427264679854818,0.14541004404345081,0.17919281632435247,0.08678748603826834,0.09109523117287516,Mucinous_gastric,2.0307117740288545,0.055004243907119534,EGFR,1.0
TCGA-50-7109,0.25162531754601464,-0.42397346200827346,-0.35421172088960595,0.8438626708869243,-0.9946161001360361,-0.029058983225136246,0.5284924401101084,0.18785237052507478,0.1396149297426495,0.07104328588572001,0.07617635348051818,0.2524278548522738,0.04015097457742158,0.10544651214018304,0.18415084909247056,0.1309892402287633,Ciliated,1.9505203989347666,0.4529845604023904,KRAS,1.0
TCGA-50-8457,0.4834792311651264,-0.3508502581735507,0.5736990407418137,0.5044630981678081,0.4465775741455162,0.009468855611694856,-1.8612586556456108,0.059494092245122365,0.16988417286215718,0.07375784625001905,0.18592375648527185,0.17348666466856374,0.16372942400859303,0.1057530324512244,0.01628719118327373,0.11117791209089699,Club_secretory,1.9552592278609813,0.8824705153864919,KRAS,1.0
TCGA-50-8459,-0.9984621389489328,0.24362867555538775,0.676452602325754,0.9873659429146994,1.1397130251667238,0.971518143239413,-1.0272644557992245,2.0574199285540553,0.018197613312998122,0.06301553374246105,0.09714504686419154,0.13257102382721647,0.15438749030240523,0.1304866249914777,0.01768095606787742,0.3865157108913724,EMT_mesenchymal,1.7344201285627554,-1.4544931799668215,KRAS,1.0
TCGA-50-8460,0.9768344761776748,-0.08736871913814566,0.6485199610722955,0.3376205743682287,0.5953972333864327,-0.40706263054728564,-0.9194703470775062,-0.15118019788588033,0.24999231007391876,0.08624800820496192,0.1800285847735158,0.13192271462809388,0.17071455878622327,0.06264808103594427,0.03752942659412101,0.08091631590322124,AT2_TRU,1.9358007709580765,0.9188861235099454,ALK,1.0
TCGA-53-7624,-1.9702970858314728,0.10160837284330591,-1.9587982739099965,-0.8797595767943164,-0.02660141597757726,-0.7587755301972708,1.5810056715038732,-0.30175767501140904,0.015764516444657782,0.12516928217051734,0.015946835873808168,0.04691320202211609,0.11010751413411894,0.052946563836476564,0.5495305548649584,0.08362153065334668,Proliferative,1.4700741679961282,-4.008859419697607,,0.0
TCGA-53-7626,0.6412714646747407,1.3482583628359797,0.0815167403001088,0.18582843818515254,-0.6509702726908506,-0.6644853184857844,-0.36882953956871434,0.16892429755957614,0.1734085308646416,0.3516502799655956,0.09907682272825065,0.10996995963315133,0.04762741416902873,0.04698805768338463,0.06315229918816861,0.10812663576777887,AT1,1.8468012668117435,0.6534749871494939,,0.0
TCGA-53-7813,0.38097075581863105,-0.5166750042896638,-0.25959876458553993,-1.1292666142373329,-0.45465314884065205,0.022698881912270423,0.46605614264541445,-0.5658915627868024,0.20987983970631183,0.08553190078660139,0.11060503966864109,0.04635354651372105,0.0910047106370366,0.14668146064217039,0.2285192751469165,0.08142422689860118,Proliferative,1.9651039621583024,0.4227973396858198,KRAS,1.0
TCGA-53-A4EZ,-0.4809918381918601,-0.7619226698301019,-1.4192769063304436,-0.7829325816122551,-0.8264797845922701,-0.4050024815407614,1.1052400083544034,-1.1571409890915236,0.09933974847009597,0.0750095130401039,0.03887147571446217,0.07345000966788694,0.07032011095719694,0.10718272993617005,0.48530503151980314,0.05052138069428098,Proliferative,1.6694357583644908,0.5484107295049234,BRAF,1.0
TCGA-55-1592,0.4050616417786892,0.4217988973677895,0.3171497088558305,-0.08612202364317303,-0.42689369893297235,0.14793618439854803,0.2093283236168931,-0.10617924658210813,0.16194142171413148,0.16467468654909506,0.14831267921579078,0.09909222776557969,0.07047650097648861,0.12522463670531378,0.13315333479182243,0.0971245122817782,AT1,2.04602364848952,0.20925912326152357,NF1,1.0
TCGA-55-1594,0.19971913141922923,-0.4423105359543243,-0.2527804646248799,-0.22320770515804653,0.10304742357271489,0.5467834970101245,0.9338348436105767,-0.3457207835471662,0.1281497056748812,0.06743535860285495,0.08150786837292884,0.08395427618468611,0.11634122271129806,0.18132001733458664,0.26701767862187437,0.07427387249688985,Proliferative,1.9630476670053554,0.87119577029958,,0.0
TCGA-55-1595,0.6395605449400347,-0.07243799503492956,-0.7229817632840642,-0.4156994634959876,-0.6631348896224561,-0.16374524365338097,0.3890704359023564,0.4897995577771935,0.22452985372857723,0.1101684036219274,0.05748168462857728,0.07815927006070592,0.06102680796846511,0.10055480361706953,0.17477834446560167,0.19330083190907607,AT2_TRU,1.965990693574124,0.7407633362094574,KRAS,1.0
TCGA-55-1596,-1.3778014037006787,-0.9748898628549324,-0.12291499724412014,0.7661024835059732,-0.16221116513209752,0.12277310404047001,1.2750680858501664,-0.8840837025239636,0.026160236499485692,0.0391402796925495,0.09175545805515743,0.22321701378893852,0.08821974512750716,0.11730942181232797,0.37133701875329006,0.04286082627074361,Proliferative,1.7445057560256114,-1.0423739694311087,RIT1,1.0
TCGA-55-5899,-1.6377368459974788,-0.5688093439833481,-1.5304604556833734,-0.3316267127430112,-0.6942001446968366,-0.44232586265905466,1.1658754382477532,0.3793780272684648,0.02589867575490707,0.07542353339121392,0.028831491037012637,0.09561234767513087,0.06653502758203153,0.08559294158105668,0.42743580890291466,0.19467017407573256,Proliferative,1.6888345861645642,-0.1304380351635006,,0.0
TCGA-55-6543,0.30291600059227136,0.4050355722418627,0.7913541261915198,0.3014193738725794,-0.1054842984483225,0.10848530902147305,-1.1214799496765662,-0.17882097766960983,0.141199692488146,0.15638090327913542,0.2301228444883128,0.14098852731269348,0.09385723471901114,0.11625016404892059,0.03398024060297514,0.08722039306080534,Club_secretory,1.980773345509606,0.06332391467689728,RET,1.0
TCGA-55-6642,-0.4159703745436539,-0.3679524502029814,0.07733787060309094,-0.9100359382355794,-0.4732978805938052,-0.22972326580076577,-0.14782453718496372,1.098747756071767,0.08128933360928303,0.0852879121296326,0.1331295953828243,0.04959793730814691,0.07676027885723714,0.0979308795170941,0.10628887756672925,0.3697151856290527,EMT_mesenchymal,1.8621217434909392,0.041365439366500126,KRAS,1.0
TCGA-55-6712,-0.49551830219100906,0.45190721717524646,0.3608396893799048,-0.14894274167828617,0.5973235135444156,-0.47256497590159535,0.24416501911877972,0.6062010500547629,0.06075920256220781,0.1567017116838929,0.14306177712302942,0.08592665759779654,0.18122880862879295,0.06216995718117252,0.12730704866886866,0.18284483655423917,EMT_mesenchymal,2.0049893264294467,0.0646423324491573,,0.0
TCGA-55-6968,-1.531891454282943,-0.05642080616228504,-1.4185749235469156,-0.5693031410802323,0.25332859904532773,-0.4635036079530141,1.7129963182718437,0.17234483392090427,0.020350378234485336,0.08899410630949005,0.022792146592176543,0.053286755540908906,0.12130639699153571,0.05923350499264134,0.5221669011235858,0.11186981021517628,Proliferative,1.5446031018297803,-0.07856511522734541,BRAF,1.0
TCGA-55-6969,-0.7851782895313043,-0.1875775991413253,-1.2856209422366072,-0.8673255554307914,-1.147095821179564,-0.42960225486736736,0.6848123216450329,0.8094781946390881,0.06351495440286715,0.11545444897099742,0.038506718319465214,0.05850592988640129,0.04422799010404133,0.09063599366674534,0.2762388781016569,0.31291508654782535,EMT_mesenchymal,1.7902790152034762,0.13729169796885593,,0.0
TCGA-55-6970,0.4086020267412311,0.598832042675525,-0.048511990796917655,-1.1240420287869968,-0.06092743743349603,-0.06954424991493362,0.4585078043504177,-0.43189253413106826,0.17281613089070913,0.2090259105092929,0.10941130100732269,0.037322044093564606,0.10806130855881121,0.10713416477517775,0.18165948619543604,0.07456965396968566,AT1,1.978552223952427,0.06768833212989539,KRAS,1.0
TCGA-55-6971,0.6893907817067312,0.8404850605371473,0.19499174158635307,-0.5634653039655859,-0.5479254342496028,0.49144121812514857,0.20895217812353112,0.3780448108261225,0.18115033174285355,0.2106970937665633,0.11049035239844279,0.0517524183773411,0.052562925493356186,0.14861776660658882,0.11204366317183914,0.1326854484430152,AT1,1.9856545243264108,0.12315280392841378,NF1,1.0
TCGA-55-6972,0.21341757472007536,-0.5365355315832068,-0.17502618168798184,0.17547179348840283,-0.6933334348136001,-0.7880971729292168,-0.6479761186766234,-2.189893652831703,0.22740644392644271,0.10742423539002903,0.15420689301511553,0.21893899669097586,0.09183448758124643,0.08353153044276428,0.09609576294344552,0.02056165000998065,AT2_TRU,1.928909418185182,0.8896990817930203,,0.0
TCGA-55-6975,-1.9025269820435453,-0.3109646172507715,-2.2415332907880603,-1.5430775214085595,0.1780942364686261,-0.2597183237682165,0.908757467106512,1.1287608741171737,0.01706754980523372,0.08382584335746222,0.01216025296901347,0.024449956800630765,0.13670156703132436,0.08823358269426333,0.2838549696814386,0.3537062776606334,EMT_mesenchymal,1.6329384309764037,-2.9737196177464043,KRAS,1.0
TCGA-55-6978,-0.6649027316944401,0.7352748387484742,-0.16865032158904047,0.009987411300174654,0.5970344832230073,-0.5236655001598527,1.092360482027072,1.3759530356121166,0.0372578352293821,0.15111480332717314,0.06119801011571831,0.07316757859115235,0.13160427186606086,0.04290976815645376,0.21596696974779092,0.28678076296626853,EMT_mesenchymal,1.8616299482356897,-0.23091056194606277,MET,1.0
TCGA-55-6979,0.07269119879453913,0.39721761444935655,-0.010928143260002883,-0.33185394241480093,0.5399129886167684,-0.09439782811595036,0.6606266996665104,0.677322617254775,0.09957222049478401,0.13774575497056973,0.09158466755859938,0.06644257719369155,0.15887297837700812,0.08425047338942819,0.1792566747462881,0.18227465326963097,EMT_mesenchymal,2.0209552665700743,0.14770265210152864,EGFR,1.0
TCGA-55-6980,-0.38704854905297065,0.07735863093287315,-0.26143068073605136,-0.16542845006564671,0.3105346578233448,-0.17915616972850354,-1.1676224926042278,0.8765248813498888,0.08190562329009231,0.13031763662063045,0.09286859316683192,0.10222617372140551,0.16453953173269703,0.10083242981670548,0.03752448695690056,0.2897855246947368,EMT_mesenchymal,1.9347288937599774,0.05013973695429868,EGFR,1.0
TCGA-55-6981,-0.026098986340195324,-0.17966229124405642,-0.12410467543437874,-0.535302672507507,-0.006243861656077626,-0.11504592408614366,0.08012590426369176,-0.15619418342791244,0.13716864885707536,0.11764220738447453,0.12436309760028615,0.08243478502027199,0.13991936704270472,0.1254947900998495,0.15254140584185505,0.12043569815348265,Proliferative,2.0666226828593914,0.16857002304867597,EGFR,1.0
TCGA-55-6982,0.18426474726935257,-0.2252171681586076,0.4948482804080464,0.585230427111935,0.26926633629504687,-0.233729229584701,0.14440297979628203,0.7082762771233398,0.11212928121729171,0.07445318858548138,0.1529691145500194,0.16743884532012873,0.12207725612163223,0.0738221280940028,0.10774752239622118,0.18936266371522276,EMT_mesenchymal,2.0294903242805042,-0.026646732609387845,MET,1.0
TCGA-55-6983,0.32893051032083803,-0.173803782019836,1.1910565595121547,1.1595719339980126,0.46782374533928306,0.830331248168425,-0.5117046988062988,0.43959698766060684,0.09419435592665,0.056975763268529094,0.2230701538239821,0.2161562849763829,0.10822944874766889,0.15551792554340718,0.04063887231810765,0.10521719539527204,Club_secretory,1.9486850400599127,0.18029939495360867,KRAS,1.0
TCGA-55-6984,-0.4108050245555612,-0.1435075816579272,0.49711532035221906,0.4236710804737583,0.37019587487402483,1.4176939053851463,-0.11113227278372691,-0.7199390529527093,0.05687994272091491,0.07430960535598076,0.14101455660545167,0.13102902761570107,0.12420627330275194,0.35405126124204567,0.07675476968352701,0.041754563473626945,Mucinous_gastric,1.8550980354071742,-1.2746882734396572,KRAS,1.0
TCGA-55-6985,0.1803822566533436,0.45102655762966887,1.1327885478225512,1.7670293980806862,1.0543184673038999,0.3375999848226268,0.3589856999457179,0.4942448001330653,0.06281049579546023,0.08233254647963512,0.16280098129804998,0.306975927185968,0.15051434581272,0.07350400673832966,0.0750928714357486,0.08596882525408837,Ciliated,1.9197447887905779,0.2050765565357337,KRAS,1.0
TCGA-55-6986,0.627091905582512,0.3318101221210479,-0.016341948356395002,-0.42024682953489634,0.36490379971619125,-0.3511268238773731,-0.7791548325288333,-0.5224945670452582,0.23106147606837515,0.17198409847624302,0.12141931296391792,0.08107260167245475,0.17777091009240542,0.08687454581319044,0.05662423462583046,0.0731928202875829,AT2_TRU,1.9742518649566896,0.20471285508131723,ROS1,1.0
TCGA-55-6987,0.21663838757975218,0.27418340958284443,0.4831232654505178,-0.5881384027463836,-0.09449975277535327,-0.06598198276065699,0.18456074941489725,0.28713947333203077,0.1362456433222971,0.1443158758414032,0.17785068239259688,0.06092738023871787,0.09981528391780631,0.10270276987083582,0.13194455800624286,0.14619780641010008,Club_secretory,2.0406371878264826,-0.41594367688046446,,0.0
TCGA-55-7227,0.451939349595887,0.011344640727183978,0.4013490412842625,-0.17976945538563344,0.547972878841372,-0.21167597680123204,-0.22448517356383096,0.4747782763707179,0.15940523908341053,0.10260174336683776,0.15154147123712186,0.08475297325999677,0.1754726451359531,0.08209148589032492,0.08104666583360955,0.1630877761927455,Basal,2.031440273415269,0.5676414439071966,MAP2K1,1.0
TCGA-55-7281,0.2407374062381925,-0.3328944320143735,0.14375197753141475,0.1646847017222143,0.30555927317551146,-0.16889784300982041,-0.49465810450174885,0.46379521661454576,0.14581761882258806,0.0821646216961588,0.13233958410732763,0.1351390097028813,0.15558287091886489,0.09680720326709963,0.06989269546111881,0.1822563960239608,EMT_mesenchymal,2.0359590982941107,0.6994832211331832,KRAS,1.0
TCGA-55-7283,0.8233949608511453,0.6809933252110315,0.5288855416559122,0.6396346251292717,-0.1360204312011661,0.09419229788539842,-0.20445514857286912,-0.8806653901277506,0.20620964194451485,0.17884002568883514,0.1536049292165271,0.1715943043252908,0.07900237683986604,0.09945354668709093,0.0737767190066166,0.0375184562912585,AT2_TRU,1.9691823959049484,0.36469603234278136,KRAS,1.0
TCGA-55-7284,0.5251753370785907,1.2657184364740575,0.5409090486100917,0.26334941893294056,0.44722108970908847,2.359097264948793,-1.2476400439697737,-0.06801019937222494,0.07819595123492547,0.16398270601190962,0.07943599342675538,0.06018312236225999,0.07233178248565168,0.4893802524149967,0.013281903779624593,0.04320828828387659,Mucinous_gastric,1.5989391128358843,-0.45567806077546896,KRAS,1.0
TCGA-55-7570,-0.6952702489474114,-0.3593465947799013,-1.0683399935665536,-0.5411574253854743,-0.35632290696367247,-0.06266554047593784,1.57357449421909,-0.11275524852902419,0.05263376748497837,0.07364686201892609,0.03624451779225347,0.06140373750563006,0.07386988414303747,0.09908346637602886,0.5088751106849694,0.0942426539941764,Proliferative,1.6265412567605593,-1.904573729807258,FGFR1,1.0
TCGA-55-7573,0.8998202463518274,0.3365727811331817,1.0919218794546317,1.2692209579189242,0.6206119509390252,-0.0709859469307317,-1.282295151792893,0.03644048296452508,0.16955719661505236,0.09653859222585363,0.2054683374012031,0.24532675715410207,0.12825006843323558,0.06422445902081414,0.019126502044656032,0.071508087105083,Ciliated,1.9004782569890466,0.44184620336088476,EGFR,1.0
TCGA-55-7574,0.8392452997116203,0.4705574328528168,0.09970098886543678,-0.14316763178830286,0.2724368708185834,0.02771294725453286,-0.12008957162716978,0.8292399282317002,0.20291872048953064,0.14034695970382768,0.09685947302154503,0.07597410630249304,0.11512253447692916,0.09013181002334929,0.07774782962258488,0.2008985663597403,AT2_TRU,2.0079573813349554,0.34591994475852894,,0.0
TCGA-55-7576,0.2296333844688844,0.4078783076987155,-0.42887484115998076,-0.40250204539698664,-0.5749993703388849,-0.5567553775065428,0.3756134951663591,-0.026132488806534078,0.16451611496871454,0.1966161698863975,0.08515731435899418,0.08743302737599161,0.07358018573518113,0.07493490226013988,0.19037363467825535,0.12738865073632574,AT1,2.003971120255876,0.33559991598946015,KRAS,1.0
TCGA-55-7724,0.5490857612277619,1.1325613661532667,0.4947410232154608,-0.2412741310132964,2.4213592253655203,-0.3660659091395447,0.2846494686385867,0.49987329398042957,0.07802636248746038,0.13984327833743915,0.07389920071884709,0.03539911634966904,0.5074104358883892,0.031246115980319785,0.05989604388449272,0.07427944635338257,Basal,1.5991854651477584,-0.5769270331415741,NF1,1.0
TCGA-55-7725,0.5275288468351297,0.4565135463894314,0.47251800912411124,-0.24835180479050825,-0.7305770737741459,-0.3067457818282781,-1.0082301427898885,-1.3472170879952865,0.22597399086257972,0.21048294059304123,0.21387870820701474,0.10401543029375149,0.06421995496253248,0.09811549246259407,0.04865044318958788,0.03466303942889844,AT2_TRU,1.897102606354642,0.16434199364108415,KRAS,1.0
TCGA-55-7726,-1.4639442876875217,0.08887344948515648,-0.9833926977250452,-1.1305086669651583,1.5757433186147047,-0.23520466322543246,0.9908897070779549,1.5444881837698867,0.015395689921464836,0.07274101055703358,0.024894308050252844,0.021488614048983216,0.32175011417096033,0.05260584417075426,0.17927511653138453,0.3118493025491665,Basal,1.6206591458234922,-2.3736576806409575,KRAS,1.0
TCGA-55-7727,0.8041782840512851,0.5062851563995902,-0.1294866079306675,-0.23193046863988004,-1.3293298986279296,-0.3460581195086027,0.8973599235993588,-0.8079964976574785,0.2368309391091774,0.17581871254911363,0.09310069576050985,0.08403537127395411,0.02804578537918248,0.07497165778662351,0.25996010814832593,0.047236729993113014,Proliferative,1.8647799488177594,0.5299074180114832,ARAF,1.0
TCGA-55-7728,0.03698340184181142,0.16379312677592492,0.3150167900588309,-0.0897513355681259,0.4601135226373633,1.713013119268155,-0.7441729414487269,-0.9420408755414237,0.08304764454781867,0.09427576887141116,0.10966692985824951,0.0731622616203799,0.12679157474871824,0.44383114730024825,0.03802554347105205,0.031199129582122186,Mucinous_gastric,1.7178919258435963,-0.45408686691239636,KRAS,1.0
TCGA-55-7815,0.3439683044199529,-0.43514126077251325,-1.2630113139417405,-1.6476870964559467,-0.6762504445241011,-0.5525179148194302,0.24519432364458066,0.5606605331775973,0.2122150088069225,0.09736729636753373,0.04254746749216402,0.02896083941250435,0.0765069207658275,0.08658388683301382,0.19225564532161904,0.2635629350004151,EMT_mesenchymal,1.8696209149649412,-0.17517331405673223,KRAS,1.0
TCGA-55-7816,-0.5935534018898027,0.5080459900071831,-0.9711967330180744,-0.7292242546714913,-0.14115036500248374,-0.41338920473687835,-1.1972799089251687,1.5124355726174419,0.05848270272880265,0.17597297331976752,0.04008842741575134,0.05106300068377155,0.09193980482773322,0.07002800460424427,0.031976604423162795,0.4804484819967668,EMT_mesenchymal,1.620514947682412,-0.9532216504172606,,
TCGA-55-7903,0.6698569017207646,-0.056870076848489326,-0.38057787400277,-0.746534808877717,-0.17041044494919833,-0.38129991917869754,0.6540131323141576,-0.48204868703851234,0.24054041072155463,0.11629861200093759,0.0841375809671191,0.05835216097670998,0.10381606802795422,0.08407685175992155,0.23675937593693433,0.07601893960886845,AT2_TRU,1.9473440831854183,0.6083305441200443,BRAF,1.0
TCGA-55-7907,-0.5501678968199858,-0.08987556426297977,0.15785808263823028,0.5133109366033607,-0.061239326233082425,-0.30469902589228426,0.10608014303387758,0.2027019628095659,0.0691067498359795,0.10950221098555021,0.14028532545684735,0.20016284126120282,0.11268327179279984,0.0883336638555683,0.13320648565152404,0.1467194511605279,Ciliated,2.0348508594004935,0.3972018498312575,KRAS,1.0
TCGA-55-7910,0.17793874392037468,-0.739572672960792,-0.38559557338977807,-1.1003253325023838,-1.0548223889215034,-0.19123753139344624,0.8670604074379968,-0.32404490507983613,0.17160576023110566,0.06855856458117099,0.09767693359534584,0.04779570002658002,0.05002078511905425,0.11863166952542634,0.34183269374465963,0.10387789317665734,Proliferative,1.863638987809497,0.7974553004166315,KRAS,1.0
TCGA-55-7911,0.4890579343492381,0.016503150396011287,0.0371243631800109,-0.9956881723329936,-0.4374276608217626,-0.33585676746031906,0.8954715485805483,-0.3203130205102701,0.18985633920276193,0.11835787725861369,0.12082389902418034,0.043013824758111614,0.07517224508675731,0.08320878863634897,0.2850547568001992,0.08451226923302683,Proliferative,1.9267249657814554,0.3338723340809817,KRAS,1.0
TCGA-55-7913,-0.6735662357389773,-1.2848241522959267,-0.16700358521221773,-1.004265131853664,-0.37130100153893403,0.636126088051345,1.1448697173505689,-1.3234875091407858,0.06384505774721345,0.03464665758570286,0.10595577879555361,0.04586765934312713,0.0863772567904995,0.23654808326208088,0.39342683964765174,0.03333266682817083,Proliferative,1.7042973400496189,0.19339264731260336,BRAF,1.0
TCGA-55-7914,0.617370192438034,0.3840330970110622,-0.16212408699664954,-0.24241979407772601,-0.4268293522865677,-0.3321715997169528,-0.11303837202018274,-0.2247226339430071,0.231203861636587,0.18308723693416115,0.10603885248200819,0.09785725671560527,0.08137761982776513,0.08945699858499714,0.11137370683126199,0.09960446698761413,AT2_TRU,2.009112000941416,0.3134595899518552,KRAS,1.0
TCGA-55-7994,0.4566425553411107,0.1620789314542995,-1.0863075833169642,-0.7278629526723106,0.11037858886320263,-0.5579031011885428,0.7243730437023912,-0.479825206945826,0.1986728130863587,0.14798274696175034,0.042466230245124414,0.060773498150233536,0.1405263969528669,0.07203223014396462,0.2596643419934405,0.0778817424662611,Proliferative,1.9223490098972222,0.12037958033848786,NF1,1.0
TCGA-55-7995,-0.8040032674947296,-0.10290045305774351,0.24697002223345046,-0.6383493549391553,-0.15983178489681493,-0.3220508182751337,0.8030296605239329,0.07414896734026673,0.05563389732360724,0.11215653102686317,0.15913708002411275,0.06565715567452317,0.10594966916784279,0.09008423065328494,0.2775012971525595,0.13388013897720635,Proliferative,1.957017218202811,-0.38734765002696603,NF1,1.0
TCGA-55-8085,-0.015905269456781706,-0.07071398877162634,-0.20772849357005604,-0.08600890196448252,-0.2854726615513644,-0.4021332463556373,0.7157264888051214,-0.3022005255283072,0.1253564542015828,0.11867071934757235,0.10347583307777648,0.11686947107892426,0.0957359537935279,0.08519419824682709,0.2605495543628706,0.0941478158909186,Proliferative,2.0061796174918345,0.4182510715056131,,0.0
TCGA-55-8087,0.8328053164601092,-0.587010483688434,0.32505744094935823,0.6589718986589796,-0.3551365997363482,0.10899128508740716,-1.8594960122698059,-0.6618193800318661,0.2655443039628883,0.06419760447517339,0.15981770487668534,0.22317322840168355,0.08095065572658515,0.12876224802426142,0.017983962129985112,0.05957029240273751,AT2_TRU,1.8638824948981374,0.8393264303563329,EGFR,1.0
TCGA-55-8089,0.07966059150548375,0.8893167427642751,-0.448852933202491,0.09316146473688126,0.2763623684473585,-0.041589049497632084,0.8568315852209685,0.5571410528474083,0.09310363453285364,0.2092164524717335,0.0548827832777475,0.0943691383813122,0.1133425897060498,0.08247239089715981,0.20252922887570288,0.15008378185744065,AT1,1.9910240397410992,-1.0140507186684227,NF1,1.0
TCGA-55-8090,0.39876822109035026,0.21923246972444665,0.4736215372356093,0.15105297501199025,0.5729621968782908,0.3874748972456291,0.04227720439031611,0.20935169461841896,0.13512429788920047,0.11291771059110613,0.1456269764011873,0.10547561975683516,0.16083661816467745,0.13360687990766784,0.09460440724973547,0.11180749003959016,Basal,2.065456125572763,0.39592889474079984,KRAS,1.0
TCGA-55-8091,-0.18299207968358636,-0.4184578042505677,0.9059630784399967,0.8353870783748686,0.6416943769343715,-0.286074464335328,-0.5199393739711705,1.0042367948695454,0.06800304563130169,0.05373619346806759,0.2020484764412206,0.188280270067943,0.15512619539194905,0.06134232786839521,0.04855053423955671,0.22291295689156612,EMT_mesenchymal,1.9191964975662443,0.21880628643995703,NTRK2,1.0
TCGA-55-8092,-1.5335699726704,-0.27415891170983137,-0.06474321856313489,-0.9176862425491751,-0.23998424719236644,0.5777030908716733,-0.15502057485850734,0.024487379305282865,0.03190598393766959,0.11241581578733317,0.13860391464644714,0.059067290240916046,0.11632398846538854,0.2635034971985523,0.12663931091452504,0.1515401988091682,Mucinous_gastric,1.9459305061332477,-3.036094417178836,BRAF,1.0
TCGA-55-8094,-0.2352884091670007,-0.6316930494307086,-0.07140454634083493,-0.04851007826436565,-1.2529059602635253,1.3925188494054943,0.6201969831141968,-2.1115606213077207,0.0832223803459318,0.05598656022410406,0.09804241282971018,0.10031293372965419,0.030081150763060283,0.4238262420572388,0.19578198103833694,0.012746339011963821,Mucinous_gastric,1.670759104008902,-0.690492812283131,KRAS,1.0
TCGA-55-8096,-0.9630685196982266,-0.6429234472576112,-0.39857757571493657,0.20094313857894924,-0.09882995200392361,0.4073963157581883,-0.6435794940191246,0.8754073927339252,0.04692106778473186,0.0646256799037302,0.08251315416623803,0.15027672673558568,0.11135300148834401,0.1847367089561628,0.06458329634003875,0.29499036462516876,EMT_mesenchymal,1.9047200586039703,0.1383373396503034,EGFR,1.0
TCGA-55-8097,0.7466682632408682,0.4501543797726707,0.3858567305335769,0.48452610629991755,0.3123683184874674,0.2508765487562304,-1.295125747090538,-0.03169437784289687,0.19779746187787695,0.14704368270272575,0.13788666155602844,0.1521856915862305,0.1281169658791193,0.12047615781070568,0.02567324956898903,0.09082012901832419,AT2_TRU,1.9922403228981083,0.6574757031480755,KRAS,1.0
TCGA-55-8203,0.3640720629999578,-0.30906703305738986,0.33251553827641445,-0.5239600606520587,0.05392826895877585,0.7481835784196613,0.37480088866127786,0.1020031490486359,0.14550955548048777,0.07422512181471007,0.14098947372193363,0.05987204095945878,0.1067081954628193,0.21365301487706376,0.14707910679893382,0.11196349088459294,Mucinous_gastric,2.013887251659319,0.415887012051906,KRAS,1.0
TCGA-55-8204,-0.8661069872514329,-0.10915905546474258,0.942059753759296,1.82005950175222,2.731180003653043,-0.27243164710462897,0.47776993100782794,0.4373421104194426,0.014340641636918757,0.030570806282442547,0.0874672396919237,0.21045336144211013,0.5234201929175579,0.025965608667654672,0.05498027568402597,0.052801873677366246,Basal,1.4570300005568815,-1.57492382406049,NF1,1.0
TCGA-55-8205,0.1009006524876413,0.7927934972284644,-0.1700301861116103,-0.24417253654738974,-0.023290869042658577,-0.19330497935319932,1.4982565288220386,0.620667520038464,0.0845823908931425,0.16895272536394298,0.06450838793668386,0.059898586695301716,0.07470407020064374,0.06302430638602063,0.34209277623335343,0.14223675629091106,Proliferative,1.8671431193328134,0.016633740466177046,NF1,1.0
TCGA-55-8206,0.6811454628492556,0.45928113537104487,0.33475804587001523,-0.024501304319228843,-0.1840141289467979,-0.33021176657369755,-1.131151723615521,-0.2800637412906783,0.23081523127268938,0.18488854764271542,0.163241403596145,0.11397404632627234,0.09716960278847082,0.08395326680088618,0.037687193409169574,0.0882707081636513,AT2_TRU,1.9662490808115294,0.6804343574581182,EGFR,1.0
TCGA-55-8207,0.42371848723969,-0.5997132929445455,0.7908293496711878,0.3787607740473785,0.055697140627413176,-0.6855545587508257,-1.7357691999796365,0.6913827671644794,0.16120844446066895,0.05793179866170318,0.23271373105836363,0.1541213841181656,0.11157275251883295,0.053166322899816286,0.018600910413299872,0.21068465586914956,Club_secretory,1.889656319477619,0.5676414439071966,KRAS,1.0
TCGA-55-8208,0.20867296694546897,0.5495249241574588,0.4967285229372198,0.8324868866518331,0.4679369062639307,0.35499393015408137,0.27321842864161916,0.8888542566687643,0.09008634863667157,0.12667447373215165,0.12016000091855464,0.16810395358371788,0.11674972942494516,0.10428104424552445,0.09609277214764933,0.17785167731078524,EMT_mesenchymal,2.0516298217373565,-0.36384344353529907,,0.0
TCGA-55-8299,0.423726463799047,0.7119600206347384,-0.4694277650865563,-0.780560116546206,0.6373702944496275,0.09626081939310606,0.27131630584579974,0.9187556860313806,0.13330757725721615,0.17784148610641226,0.05457112192300656,0.039979726529405415,0.16505898582416506,0.09608117670199078,0.11446268918630115,0.2186972364715027,EMT_mesenchymal,1.9661070062383992,-0.23386563626319692,KRAS,1.0
TCGA-55-8301,0.40451610599459636,0.2742111666474237,-0.7496095499284496,-0.656186975743594,-0.3280947295370725,-0.7213995781728471,0.4346144706626026,0.3147309285924775,0.18906935779195744,0.16597032060557818,0.05961983163413109,0.06545813895772447,0.09087664928721992,0.061325652861694904,0.1948465420412238,0.1728335068204702,Proliferative,1.9707865955218713,0.596919410987726,,0.0
TCGA-55-8302,0.2932290515458916,0.24392131193064812,0.0033742198487023106,-0.1570620648648328,0.5709186801849141,-0.24384064924805085,0.5735039991147242,-0.3042073856797669,0.1405293402618838,0.13376821385286297,0.10516825148230093,0.08957938165551041,0.18550946835652654,0.08213355104230452,0.185989689992292,0.0773221033563189,Proliferative,2.0264192960303777,0.4221153994587888,,
TCGA-55-8505,-1.0102339161253997,0.06121379736206737,-0.4416082411396003,-0.3928315287182042,1.1578737870383795,0.7570241611157941,0.20092532998728013,0.6311185058466303,0.03262049685377311,0.09523890670007039,0.05760253076513958,0.060481843711402104,0.28515945978199697,0.19098576679782875,0.10951922172934496,0.16839177366044408,Basal,1.8858620049210084,-2.1573917033085377,RAF1,1.0
TCGA-55-8506,0.6335780480014078,-0.33855774036297537,0.27422497709548926,0.07929950938366563,-0.28068387563259134,-0.26753461699555453,0.18344231607366304,-0.024751107789802607,0.21677510745142298,0.08200044356513372,0.1513367330242695,0.12453439045652759,0.08688613960300973,0.08803617239363004,0.13820315122859875,0.11222786227740784,AT2_TRU,2.0268807091063685,0.7418089778909049,EGFR,1.0
TCGA-55-8507,0.8029786416426276,0.3743132345467812,0.4227826382926395,0.06391212435577281,-0.36194377814703543,0.2766301146856606,0.7194109617670926,-0.03855627177531498,0.19738477088183623,0.1285720655334569,0.1349573728826007,0.09426297269803005,0.06157355988260205,0.11660666675224511,0.18156020299107123,0.08508238837815765,AT2_TRU,2.0185680939379367,0.8869258582030943,,0.0
TCGA-55-8508,-0.5447693489127485,-0.9597488299901856,0.31163336194646224,-0.6354584946745876,0.23019531686059813,0.05409921777682966,-0.1309936601099871,-0.00858824685776511,0.08236629736934202,0.054390899956715824,0.19394586070746098,0.07522526873886341,0.17877731954521103,0.14991146813643733,0.1245804920565626,0.1408023934894067,Club_secretory,2.004509067006711,0.3286441256737444,KRAS,1.0
TCGA-55-8510,0.41901468773985545,1.0278424982874748,0.29396956846438843,0.34707431123700483,-0.0030153030711273336,-0.18150689157566932,0.07660314669674805,0.5908359733454557,0.12898099596822324,0.23710258272297297,0.1138201938336975,0.12002795799420048,0.0845746929895652,0.07074936039421179,0.09158372071102631,0.15316049538610244,AT1,2.0098257377036925,0.2925467563229055,,0.0
TCGA-55-8511,-0.34147685024096713,0.13034344223595298,0.3301000328989101,0.23666020580166375,0.15471742324382282,-0.2744610022013234,0.5278160771791373,0.35924899159263246,0.07432095966191628,0.11912975764860959,0.1454700015045778,0.13249303301579746,0.12206910032195753,0.07947232557067008,0.1772721166842921,0.1497727055921792,Proliferative,2.04391411632737,0.1672970679582183,BRAF,1.0
TCGA-55-8512,1.1530272051543105,0.4894442380529027,1.3818726358448872,2.6095255102132215,1.7133347518821294,0.5087782639188556,-1.8173009628689303,-0.7078553595389171,0.10475429734689443,0.05394875506128093,0.131691624764443,0.44949102532735025,0.1834468774651707,0.05500195013020202,0.005372478860298176,0.01629299104436052,Ciliated,1.586042874590868,0.5509566396858387,KRAS,1.0
TCGA-55-8513,0.8558708699198198,0.9813445446543427,1.1669464906771378,1.9368594393042027,0.8237734955337073,1.8021908401503688,-1.4984423934424795,-0.024071220756773665,0.09523302221310014,0.10796427964321174,0.12998283124591453,0.28070809540762076,0.09222482807142258,0.2453404220497928,0.009043203582981394,0.039503317785955984,Ciliated,1.8208459181745633,0.39947498392136066,,0.0
TCGA-55-8514,0.28609013780670695,-0.3921942279225997,0.17057283925822686,0.40856895508867436,-0.17523370499180257,-0.6243376655298575,-1.4618397295624566,-1.1955734439132897,0.20149585915792714,0.10225651050961175,0.1795137007910672,0.22774979781109916,0.12703275775684775,0.08107227394443184,0.03508729024873399,0.04579180978028129,Ciliated,1.9257797238914178,0.5852355017645953,KRAS,1.0
TCGA-55-8614,0.17734698107516436,-0.0038940396885550174,0.8547970360443701,0.6808226604912828,2.288896035606484,0.07987334376925265,0.33995581339163206,0.707806709499765,0.057136356292221045,0.04766510629238026,0.1124929644722028,0.09452991130005146,0.47200504836935403,0.05182988893813646,0.06722528616777793,0.09711543816787614,Basal,1.6930946284596686,0.03913776795819892,FGFR1,0.0
TCGA-55-8615,0.29959064236257654,-1.5009951552867973,-0.2043714779761904,-0.2543930287491031,-0.27609755163875405,0.6039290431563558,0.06628672574496457,-0.3525667641528681,0.17937639768784247,0.029633354875896672,0.10836706973625582,0.10307972390838838,0.1008665326940375,0.24318556144355738,0.1420504763731006,0.09344088328092116,Mucinous_gastric,1.9614797443181868,1.0983273285826933,KRAS,1.0
TCGA-55-8616,-0.11920572920680599,-0.07189881091277726,0.9571039539670588,1.3960002572104215,0.9889637273576983,-0.2419490229996575,-0.5967518991690482,-0.44657846838193216,0.06762672648637744,0.07090281846532752,0.19840550675997834,0.30772583903159034,0.2048284344678283,0.059815209814799326,0.0419491049753779,0.04874635999872113,Ciliated,1.826932181177425,0.9522557319526607,KRAS,1.0
TCGA-55-8619,0.9009809350150236,1.4316157583570839,0.4584007394932047,0.4468954017429389,0.061004685004863723,1.4945429008206719,-1.0220359072012246,0.11122037615968833,0.14663441132063687,0.24928013757853404,0.09419454730977368,0.09311701778557077,0.06330512194209618,0.2654706947629954,0.021432868373332855,0.06656520092706018,Mucinous_gastric,1.8608956264464325,-0.12752842352816882,,0.0
TCGA-55-8620,-0.5346564356720417,-0.36565335483045136,-0.4996489055114743,-0.19147960015618898,-0.5983468895188357,0.2317624256277446,0.9698215038497253,-0.3960911848129907,0.07479466379020955,0.08856614053586347,0.07745941121379034,0.10541694358341402,0.07017948900238019,0.1609615318830801,0.33671082712866907,0.08591099286259342,Proliferative,1.901779989693411,-0.6012041052238768,MET,1.0
TCGA-55-8621,0.9946923883757469,1.6110282465904033,0.7275673299103903,1.5948339040213366,0.48588708248172685,-0.04156924090708937,-0.46292634876216904,0.7291928169262026,0.13521392892323325,0.25043365649020455,0.10351671781216962,0.246410710469184,0.08129242810595494,0.04797099481627741,0.031476443659602615,0.10368511972337348,AT1,1.8907979944514288,0.1332909819702743,NF1,1.0
TCGA-55-A48X,0.6577022035153225,0.2689787486219942,1.0741098679953827,1.2778468557574383,0.8354079671315149,0.17021332151517204,-0.3307730234047336,0.09121741625607939,0.12817351641197053,0.08689161070803562,0.19437564618961467,0.23829981198935962,0.15309990872925477,0.07871990617777681,0.0476989657837109,0.0727406340102771,Ciliated,1.9589513317773766,0.507948942701086,,0.0
TCGA-55-A48Y,-0.7174195914101041,-0.3092465138070318,-0.42047562691585333,-1.5825666265989475,-0.1186190133266055,0.2096774880993886,0.03497271413554394,0.6263381915372306,0.06861823225577372,0.10320645023236469,0.09234229219887875,0.02888756542891714,0.12488069653501864,0.17340941429862794,0.14561273262526322,0.26304261642515586,EMT_mesenchymal,1.9360729565509267,0.008450457741805565,,0.0
TCGA-55-A48Z,-0.663414780793118,-0.392265681293872,-0.5673629852500516,0.013046394244358923,0.04121007282003849,-0.6322041763457505,0.6351070654131057,0.6417523840704618,0.06334661009343372,0.08307721645688,0.06973296699699745,0.12459675586452658,0.12815574065648902,0.06535487260927632,0.23209418074627913,0.23364165657611768,EMT_mesenchymal,1.9469624597463715,0.1904375729954692,EGFR,1.0
TCGA-55-A490,-0.6207838294552747,-0.8293415100035202,-2.389642222088825,-1.6883027282804035,0.20590231234793796,-0.3801540166120239,0.6144637452389448,0.25937926314772203,0.0852191853727196,0.06917703257783676,0.014532219172178689,0.02930352131179657,0.1947881836952783,0.10840306914605165,0.29308836881941197,0.20548841990472644,Proliferative,1.80392986997474,0.6611127176922407,KRAS,1.0
TCGA-55-A491,-0.8951499302276152,-0.8179220928163058,-0.29191464759329616,-0.06891845656186645,-0.12869140204047755,-0.21055403549613502,-0.26751444512285383,-0.041030271254601,0.06872574965175526,0.0742436149017028,0.12563227965264748,0.15701720976047542,0.14790681841435208,0.13628112348640367,0.12873543759500417,0.16145776653765903,EMT_mesenchymal,2.041014157504552,-0.0916583675863401,,0.0
TCGA-55-A492,0.562003799277972,-0.5491197970904582,0.6149304241336591,-0.3088159492138603,-0.6301325397543478,-0.05681777120005294,-1.707051753695099,-1.3126293701871283,0.2563365614703264,0.08438314500296593,0.27026903778505135,0.10730460070867462,0.0778166123887363,0.1380574225152661,0.026507712312132767,0.03932490781684665,Club_secretory,1.8462308165124615,0.7269881436234318,,0.0
TCGA-55-A493,-0.459475708967372,-0.28292444277017176,-0.8026219663589995,-0.5679562263698875,0.3844036555849666,0.061489199822720435,1.2689888366446525,0.5257645465884301,0.062037421070496056,0.07401657353547364,0.044017686155492786,0.05565974925925027,0.14425998645435809,0.10444939308598042,0.3493947298780642,0.16616446056088452,Proliferative,1.8443114803936693,0.16211432223278294,,0.0
TCGA-55-A494,-0.04325378323607526,-1.6473918483931587,-0.30701458173662266,0.21964683886560424,-1.2618569972816327,0.7119686055542631,0.5714401293264468,-0.7438850724280237,0.12439346520824147,0.02501089633440348,0.09555374365144786,0.16179826323553637,0.03677603588954846,0.26471983418524464,0.23001477845414744,0.061732983041430246,Mucinous_gastric,1.8538494544366453,1.0171309788842062,KRAS,1.0
TCGA-55-A4DF,-0.43983316651795595,0.3679990194994496,-0.016952954151361953,-0.3987471262870702,-0.11226304109796117,-0.46387262603897583,1.4079587760225147,0.13879230956877422,0.06133257172324264,0.13757142507471293,0.09361505959724042,0.06390496714997287,0.08510460753647486,0.05987575060104891,0.38920375328253115,0.10939186503477626,Proliferative,1.8291932186986704,0.2966383976850914,,0.0
TCGA-55-A4DG,0.598901497675082,0.10872339633371202,0.28157092202366346,0.49668620012616843,-0.3392230250144468,-0.5100331666605468,-1.050434785130244,-0.3613341044225444,0.2202791664776429,0.1349247990454127,0.16038306415889367,0.19887577486985336,0.0862087049246298,0.07267235247504404,0.042332681399483936,0.08432345664903952,AT2_TRU,1.9624739804193652,0.5730060403598403,NF1,1.0
TCGA-55-A57B,0.3725316507124005,0.421719428934869,-0.08302999740773354,0.016140873154925246,0.32691667801143354,-0.43428504262646733,-0.8748228704248231,0.6319229635165804,0.15699082273589085,0.16490591974997418,0.09954658261645867,0.10992480841231747,0.14999056273654543,0.07006130583389222,0.04509777130698683,0.2034822266079343,EMT_mesenchymal,1.9948222001993852,0.6043752908032646,EGFR,1.0
TCGA-62-8394,0.22204223326440364,0.3798487993625719,0.18511026771098263,0.10413827635977048,0.22616660624731083,0.2994316304867658,1.0903824829839823,-0.20514459325548742,0.1093690740935191,0.12806458789585476,0.10540353747655204,0.09720519986499737,0.10982108443675828,0.11816920768049267,0.2606213045357436,0.07134600401608215,Proliferative,2.002743437656443,0.36551436061521864,EGFR,1.0
TCGA-62-8395,0.6069680420409024,0.7031612000385317,0.132903489972643,0.19973046106905334,-0.14554406174555132,-0.6784126691253113,-1.4333746396196645,0.2041893754769827,0.20263031482399102,0.22309024318564408,0.12613069830776424,0.1348476507996091,0.09547563707500184,0.05603645709115273,0.02633873127461798,0.13545026744221908,AT1,1.941792707802588,0.8862439179760633,,0.0
TCGA-62-8397,-0.030081851454994268,-0.7627389118265764,-0.8390611706553533,-0.6785700567337444,-1.330976540671602,-0.9791615110692571,-1.5553629930346609,-0.9697849128610915,0.26907274355855354,0.1293244942023729,0.11982141739977983,0.14068080923738052,0.0732652982542545,0.10415728428428454,0.058539434643999105,0.10513851841937494,AT2_TRU,1.9779389923659005,0.8564203987139087,EGFR,1.0
TCGA-62-8398,-0.4494920047164898,-0.2396479898075885,0.287838638771664,-1.3584304392526758,0.06641306947465607,0.9814727126723771,0.8221660970585098,0.18792662366381294,0.06233238310227194,0.07688609943744648,0.13029638332339522,0.025116943272542266,0.10441633804754956,0.2607196784232652,0.22232475771279214,0.1179074166807374,Mucinous_gastric,1.9010713036352678,-1.2516841564478127,,
TCGA-62-8399,0.0696590950814849,0.552298315398928,0.37935732161345953,0.05515515821107967,-0.007487001905399783,-0.17008175235129322,0.3126950002059364,0.0012059971318509272,0.11247964237874337,0.18225584996625593,0.1533112969844867,0.1108600185994706,0.10412854563766817,0.08850255319012527,0.1434244124281296,0.10503768081512026,AT1,2.05273053969194,-0.66580657606461,,0.0
TCGA-62-8402,-0.7126380176431778,-0.4779021799887809,-0.3200147479335911,-1.0366392227222945,0.46988897332973056,0.29390027372833705,0.9365119544392619,-0.5940419325702574,0.059538423100283726,0.07529078183935249,0.08816809300369868,0.04306112704609761,0.1942505579354927,0.16290385202602548,0.30975195827626256,0.06703520677278682,Proliferative,1.8703419367342733,0.7563115733857635,EGFR,1.0
TCGA-62-A46O,-1.4793002140031615,-0.5014656244720419,-0.5929004213813618,-0.732407895193213,-0.40498553973936735,0.02658681389964662,1.1932888460779076,-1.6760703032753184,0.032330629164373896,0.0859572123626621,0.07844634162360381,0.06823157068829212,0.09466361627341473,0.14575134891060243,0.4680635663962941,0.026555714580756826,Proliferative,1.6602920599237692,-2.462855462336608,MAPK1,1.0
TCGA-62-A46P,0.3758030875532163,-0.8454575665025305,0.5339105620999224,0.02131514838341161,-0.5987291078862159,0.5240115479514732,-0.8585350217193215,-0.689263250498639,0.18724702935535734,0.05521132546053905,0.21932096099467668,0.13135989133993042,0.07066119559923165,0.21716061001233267,0.0544940024273005,0.06454498481063177,Club_secretory,1.9273284396026928,0.6817073125485759,,0.0
TCGA-62-A46R,-0.25028548939884443,-0.017252693300470766,0.20454344752543752,0.5099846386322566,-0.009962896576159591,-0.468757674608705,0.22795305672222915,-0.22282190480535563,0.09351335129431533,0.11805339437101531,0.14736804388125094,0.20001139675973023,0.11891712400034514,0.07516096663423681,0.15085856870559228,0.09611715435351387,Ciliated,2.036106809638709,0.5719603986783928,KRAS,1.0
TCGA-62-A46S,0.5944296124943284,-0.3073108411342264,0.5028273804086413,-0.33784133719042586,-0.7796279711157119,0.9254993309472042,-1.172606815261495,-0.62357568545771,0.2072890094686427,0.08413086867429374,0.18914459366979747,0.08160112517906301,0.05246028551275768,0.288641005074364,0.03541295001097078,0.061320162410110665,Mucinous_gastric,1.8566933238126315,0.4247067723215065,KRAS,1.0
TCGA-62-A46U,0.12888149487985898,-0.2592114932844573,-0.6809292836383082,-0.19566368724505262,-1.5734547756633337,-0.01870249636048588,0.4216144806245232,-0.028903009626449944,0.16433007174100697,0.11147318286997128,0.0731173920093522,0.11878698601917712,0.029950342709482772,0.14178233741747537,0.22021625118699514,0.14034343604653915,Proliferative,1.9764930147713535,0.21121401857901223,EGFR,1.0
TCGA-62-A46Y,0.8134671642892265,-0.08894136048454983,1.250713278499725,1.2425643611211725,0.363748215266859,0.0563687045525205,-0.04452805790586176,-0.660810984813615,0.16000801372101447,0.06489790709000816,0.2477623483501459,0.2457515574555347,0.10205429246203089,0.07504781471989229,0.0678452025815994,0.03663286361977402,Club_secretory,1.8922435994770441,0.2878186374154909,ROS1,1.0
TCGA-62-A470,0.6629310886297833,0.14717343826356002,0.6900550734054363,0.5118524238506243,-0.3147894108040109,0.4034850001614456,0.060266492439433605,-0.9010640064944933,0.18557629863136652,0.11079797084716561,0.1906787539669028,0.15955480146696555,0.06980779023027146,0.14316817989385008,0.10157541369487569,0.03884079126860246,Club_secretory,1.9877270724857723,0.7864987941023341,,0.0
TCGA-62-A471,-0.7229873125476244,-0.38171136513219545,-0.6589845719360453,-0.9688659699382552,1.188385993674711,0.44034290048973396,1.0398404978829838,-1.0680910197750708,0.04818152978177583,0.06777895140441435,0.05136610343539725,0.0376787807314706,0.3258212943723515,0.1542085583339072,0.2808451805207671,0.034119601419916046,Basal,1.7301565482929437,-1.6860800810665368,,0.0
TCGA-62-A472,0.4141518046222426,0.1767938881243757,-0.65759700162523,0.15926789698826613,-0.4188787194426557,-0.16464827855597444,0.6211926320610328,-0.5273667761602804,0.18111043837005641,0.14284342287485177,0.062013877812868996,0.14036176062898914,0.07873410986643077,0.10152518733267644,0.2227717777781986,0.0706394253359279,Proliferative,1.989528729797848,0.7839528839214184,BRAF,1.0
TCGA-64-1676,-0.24408365369457227,-0.3875491709191839,-0.5692932162508809,-1.2689281948565903,-0.8259958905275493,-0.7289355987661686,-0.07159023610880319,-0.12330658541514834,0.15530763931793765,0.13455087797681758,0.11219050424424667,0.05573249547338129,0.08679037104280019,0.09563663659137786,0.1845464765623901,0.17524499879104863,Proliferative,2.0191286977746614,0.16693336650380183,MAP2K1,1.0
TCGA-64-1677,-0.05635273852139394,-0.2927027607831374,-0.5156056406133441,-0.2701539750888016,-0.10388101526359675,-0.12763621404260067,1.0222860559560987,-0.555414830112231,0.11545579266081361,0.09115284262848873,0.07293982652681542,0.09323157693295524,0.11009673984403527,0.10751218969476217,0.33951784345110414,0.07009318826102551,Proliferative,1.9155026862808056,0.5630497130451879,KRAS,1.0
TCGA-64-1678,-0.9703178367793407,-1.362850438211292,-0.9577655648065962,-0.9611993697024285,-0.5240051424448351,-0.002541950858928188,1.3307609683130726,-1.2672537239006207,0.053706270051438076,0.03627022490032085,0.054384654485587394,0.05419822845125067,0.08391819453766161,0.14135940817529247,0.5362543384320315,0.039908680966417316,Proliferative,1.5409147588415273,0.4815805872558888,MAP2K1,1.0
TCGA-64-1679,-0.5769433979013948,-0.047628213770471606,-0.16783374627600137,-0.3604031205779815,0.787139696299679,0.08882419538594302,0.07713905251292803,1.3447524659082675,0.04985281014062877,0.08463856813762088,0.07505224855369512,0.061905878574259596,0.1950308909115484,0.09701275454701386,0.09588574411231372,0.3406211050229197,EMT_mesenchymal,1.8618565772125382,-0.43335588401065533,NF1,1.0
TCGA-64-1680,0.9067001948412138,-0.8606758905587653,1.1103597221259316,1.1892243379795757,0.5841717923118949,0.17022393753305162,-0.9503863010651468,-1.534981509328059,0.19344643237684692,0.03303688133075778,0.23714224860460578,0.25660162424181127,0.14011622213878291,0.0926217857791019,0.030202181080323045,0.016832624447770516,Ciliated,1.7909439830424443,0.5129498376993131,ROS1,1.0
TCGA-64-1681,0.8878974169312922,0.4374972074370851,1.1778464063643976,1.606568878601095,0.49882373855993956,-0.04257855623383249,-0.4036537918699886,0.008109926700531386,0.14733608753424723,0.09390804674823632,0.19689395343054142,0.3022902802410647,0.09984735886993473,0.05810433732010416,0.040494456091172415,0.06112547976469898,Ciliated,1.8819893607822828,0.8597846371672618,EGFR,1.0
TCGA-64-5774,-0.4312113180462189,-1.0086595074896223,-0.39479098547092967,-0.5683676917619555,0.06974478573870718,-0.06460678583062691,1.242457061791957,-0.22999677932982276,0.07623137786069609,0.0427908789588413,0.07905892760492272,0.06646109821005412,0.1258045188675577,0.10998870658334611,0.40644212328977947,0.09322236862480249,Proliferative,1.802575918645117,0.6152863344357601,KRAS,1.0
TCGA-64-5775,-3.012939945251622,-0.8613201972669218,-3.0341074175706444,-2.1578130627019596,-0.010173039032253195,-1.349803878663956,1.0071141449976944,1.579839004051379,0.005186206536642678,0.0445950229663612,0.005077581369318282,0.012196260577099303,0.10445636436881148,0.02736154549965763,0.28889306501245776,0.5122339536696517,EMT_mesenchymal,1.2823722096420638,-0.29678598787725424,KRAS,1.0
TCGA-64-5778,0.4124978734389289,0.03350623508215155,0.6929990291003408,0.4791963025917064,0.2781243154678277,-0.0423462358968644,0.35345872904497133,-0.90605267697497,0.14713844244838054,0.10072381744569292,0.19478085081426755,0.1572870308396079,0.1286377572504261,0.09336623960911998,0.13870297614911167,0.03936288544339338,Club_secretory,2.009271239532138,0.7895447937830722,KRAS,1.0
TCGA-64-5779,-0.799425885578053,-0.3756788076650102,-0.8556045015384003,-1.5473017156282076,-0.49699702170535215,0.012373280332427801,0.5709322647051482,0.5715293278209443,0.06481979589623971,0.09902359220485095,0.061278707467573426,0.030683811993070947,0.08771035038814368,0.14597132741326335,0.25518000528745877,0.2553324093493991,EMT_mesenchymal,1.8758106653058042,0.8378716245386666,,0.0
TCGA-64-5781,-1.6470448521144265,-0.4103053964148415,-0.49537762857760637,-2.3415569062898265,0.40907057223082655,-0.4384594952731124,0.2681959731890629,0.4282266895472244,0.029388666090857725,0.1012252820826169,0.09296994942182696,0.01467429081862309,0.22968860889765458,0.09841511989713334,0.19950711866157492,0.23413096412971257,EMT_mesenchymal,1.8458790443194344,-2.6984430794349046,ARHGAP35,1.0
TCGA-64-5815,0.23411268107847547,0.15451687700826772,-1.0909745957449446,-1.3607951807283378,1.0380470759836347,0.09663966632388016,-0.12733868685279065,1.2928267178271513,0.11016376620543852,0.1017350859620867,0.029279299526014626,0.022355227370413167,0.24614048181939427,0.09601409730211515,0.07674718240111075,0.3175648594134267,EMT_mesenchymal,1.7951856257012624,0.04182006618452092,KRAS,1.0
TCGA-67-3770,0.7394331471673086,0.2376006765583264,0.2809700479425179,0.42129657247665137,-0.359918007351014,-0.40073380729801095,-1.0720882273348193,-0.6071675788832669,0.24742924937366517,0.14979867252832432,0.1564382840056069,0.1800056258880698,0.08241549995765189,0.07911937006856185,0.040431262319964814,0.06436203585815527,AT2_TRU,1.9415169169988455,0.33037170758222284,EGFR,1.0
TCGA-67-3771,-0.7445742352993179,0.10623392790449786,-0.40422248372624103,0.18343599648434022,0.01924710505466353,-0.1036969900021161,0.3292790645709666,-0.005518919805813199,0.061193327087731154,0.14328652719897056,0.08600366405464221,0.1547867527344733,0.1313492083929526,0.11615382547952703,0.17909053299968022,0.1281361620520229,Proliferative,2.037108251297971,0.06350576540410553,,0.0
TCGA-67-3772,0.31351706065506685,-0.32920386352362896,0.7087349600644652,0.7108705969585707,0.46629837785491185,0.6146763603815336,-0.9739873075462058,0.25983705704445215,0.12137928766502215,0.06382846990525959,0.1802127596911496,0.1805980399724894,0.1414153873477946,0.16403495600463242,0.033495660179339456,0.11503543923431259,Ciliated,1.9851689721869112,0.27472538505649624,EGFR,1.0
TCGA-67-3773,0.798621036701484,0.20091114004967425,0.022748508794086544,-0.38674842259230113,-0.8600505153409577,-0.6684571401990558,-1.2640717056869692,-0.5143968676181792,0.31917134323565133,0.17556655259081588,0.14691520106233208,0.09754937161925187,0.06076758666005176,0.07360035932192363,0.040570262290279324,0.0858593232196942,AT2_TRU,1.8817743370746345,0.5996471718958496,KRAS,1.0
TCGA-67-3774,0.8578835448301025,0.08117187654717194,0.5555326131818681,1.1017697132004218,0.29265553632101377,0.5933526441874566,-0.967791847429271,-0.48273688325832226,0.19106641661005785,0.08787447979306803,0.1412131098760283,0.24383877944169283,0.10856977892913329,0.1466560717992152,0.03078248028691442,0.04999888326389008,Ciliated,1.930004407694442,0.23062658370849407,KRAS,1.0
TCGA-67-4679,0.7911252917291308,0.1313568251923533,1.0339639361432624,0.6530152613698924,-0.5945040331169161,-0.022580270738295705,-1.3032451649610572,-0.11817531458483829,0.20482697960176702,0.10588961189760669,0.261126317473747,0.17840488293199866,0.05124081056946328,0.09078191196766168,0.02522398087750843,0.08250550468024746,Club_secretory,1.88940141013556,0.8837434704769496,KRAS,1.0
TCGA-67-6215,1.060669705011953,-0.43577035003238723,-0.34161026677506257,-0.7707728709225407,0.4799639234337475,0.3207694476710497,-0.12222578435269726,-0.9299747162614468,0.3215634552070975,0.07200638830203954,0.07911598376820528,0.05150878216499488,0.17991582722003435,0.15343770272358676,0.09852392451642224,0.04392793609761959,AT2_TRU,1.8695869259234559,0.5886452028997503,ALK,1.0
TCGA-67-6216,0.33431458392558483,-0.7809757782153763,0.5076761356768151,-0.5373499560893186,0.26731558369242636,-0.4534384900943085,-0.5948416287921533,-0.9247905512400487,0.19983104517634984,0.06550862892426394,0.23765826658472328,0.08358028737965711,0.18688122136459,0.09089628773832274,0.07891063602950205,0.05673362680259118,Club_secretory,1.94387594655953,0.6086942455744607,ALK,1.0
TCGA-67-6217,0.8602543238337451,0.45407802408923076,0.786511315824008,0.7025661325383388,-0.04461101244287582,-0.21385111550612834,-1.530691414630558,-0.43649317584671593,0.21927990319799143,0.14608267240456863,0.20369137945542737,0.1872904872362011,0.08871985194612274,0.07490671738394986,0.020073554897802045,0.05995543347793698,AT2_TRU,1.9077749712258154,0.8781970232970977,EGFR,1.0
TCGA-69-7760,0.15949440136425316,-1.0881859186547231,-0.9630205231522977,-0.9057290608040683,-0.11369136154653094,-0.34658426936652387,0.23763393649423953,-0.7455860692008437,0.208035562020059,0.05974160723854669,0.06770730738416937,0.07169962906558303,0.158304955902847,0.12541526680022544,0.22494334521823822,0.0841523263703314,Proliferative,1.9622675708162276,0.4459833074048727,EGFR,1.0
TCGA-69-7761,-1.7126691360563466,0.24630134421510913,-0.5617642483600964,-0.3459201931569895,0.3489283499469224,0.7894168492634744,0.21453345410490515,0.17772763173310746,0.02051940442242947,0.14552406613224447,0.06486290465476857,0.08048895246383549,0.16125201982380777,0.25049951413773086,0.14097373350056794,0.13587940486461547,Mucinous_gastric,1.9288886944869734,-2.327649446657268,ERBB2,1.0
TCGA-69-7763,0.8167737100015642,0.3586742808294864,0.6896694661453114,0.02195318868735363,0.7340269024917062,0.6949127248503515,-1.0122912430711617,0.5463591647646076,0.17561510172611866,0.11107384485125757,0.15465401093595801,0.07931871925057232,0.16166848840841178,0.15546703150103183,0.02819739859116486,0.13400540473548486,AT2_TRU,1.993179593606884,0.4081128934637529,,0.0
TCGA-69-7764,0.9789911328753212,0.14094800839502522,0.15924466259850129,-0.00630284960266276,-1.2917352378688014,-0.23761623817908403,-0.5474925898154855,-0.3491703346738989,0.3196765437813583,0.13827805640159563,0.14083136949675765,0.11934467097965668,0.03300249990066557,0.09469889321542235,0.06946520371442484,0.08470276251011909,AT2_TRU,1.898051640181169,0.9216593470998713,NF1,1.0
TCGA-69-7765,0.5726650305646216,0.22727417977362693,0.43789760237237285,-0.8016462523944339,-0.27954672668966635,-0.3786089587708208,-0.26078194685689615,1.0818681082897421,0.17403080221298514,0.12320399246784086,0.15208884848285167,0.04403219297023205,0.07421902734387796,0.06721915949496203,0.07562488005790942,0.2895810969693409,EMT_mesenchymal,1.9148549731817792,0.23530923993410668,BRAF,1.0
TCGA-69-7973,0.6504844846980252,-0.20360661702425287,0.23942991644985415,-0.9319214293368131,-0.568018806373758,0.1673585886897097,1.1282133543512274,0.16826429905585963,0.1839437461280732,0.07829931711586477,0.12194564529079714,0.0377967858756322,0.05438708362075894,0.11346609698152625,0.296592414032766,0.1135689109545813,Proliferative,1.9040999305521897,0.5880996507181255,KRAS,1.0
TCGA-69-7974,0.7429309907683951,0.7179653315332729,0.33510841612203723,0.7050197906611514,0.35475566227014615,0.12873538888341504,0.5339606154003762,0.13309483041902925,0.16187864037097066,0.15788726437580441,0.10766497758137174,0.15585650136513376,0.10980121476863829,0.0875886408694335,0.1313514487301299,0.0879713119385177,AT2_TRU,2.0521823622598867,0.34846585493944465,KRAS,1.0
TCGA-69-7978,-0.09304780036997327,0.3031449215314579,-0.15321572052483418,-0.3250194726595219,0.09039439482101022,-0.2666622909523702,0.14405345517571289,0.6802146218892843,0.10312371628497632,0.1532578992475242,0.09710195182473026,0.08177386748278105,0.12388721454988125,0.08668795145010451,0.13071647333513448,0.223450925824868,EMT_mesenchymal,2.0244627593983586,0.045093379274269596,KRAS,1.0
TCGA-69-7979,-0.37755999088068787,-0.8423727598805874,-0.012756712406677227,0.6832708377115698,0.6877129609720982,-0.4653504217634213,0.3057026430930029,0.07385934634286523,0.07504293305413563,0.047145927000452406,0.10807913269374146,0.21678177861806172,0.21774689198859137,0.06873578555414285,0.14860964328881973,0.11785790780205488,Basal,1.961544216516886,0.35064806366594353,NF1,1.0
TCGA-69-7980,0.010960489673868569,-0.07727053449779278,0.26127245379820657,0.42687399992164987,0.38575315672540406,0.06988523516731147,0.0967649877454706,-0.1423903689473724,0.10894982110013078,0.09974893661193689,0.13993798825933182,0.16514121058159514,0.15848819109422532,0.11556257577423458,0.11871099400560949,0.09346028257293598,Ciliated,2.059892767311102,0.46598688739778077,KRAS,1.0
TCGA-69-8253,0.7151097722366094,0.027813617829544255,0.5224481390002078,-0.25131668144333397,0.5456090396600185,0.42109995435787106,-1.1087952409858761,-1.1154830722983986,0.21648754895216837,0.10887896808651629,0.17855048706691393,0.0823605517591342,0.18273413871364297,0.1613414968852014,0.03493985036092393,0.034706958175498806,AT2_TRU,1.9247204163021672,0.7615397817930009,KRAS,1.0
TCGA-69-8254,0.6035429230551296,0.16906508929746547,0.8149180303771717,1.2447988535507724,0.552441554917484,1.4654660309344831,-1.0033934968386604,-0.9603790710708758,0.11751503952611028,0.07610306101169578,0.14517522029223312,0.22314510431691462,0.11166071611589266,0.2782414965550669,0.023561874100149476,0.024597488081936982,Mucinous_gastric,1.8426887275715205,0.22021562957582097,KRAS,1.0
TCGA-69-8255,-0.35869498906854425,-0.30751143210373555,-1.251336382239222,-1.067497757167795,-0.740796446800771,0.43917954710396356,0.7324107663056049,-0.9079569948180995,0.10624165881692176,0.11182105344291478,0.04351365976117108,0.0522956676631476,0.07250205032010788,0.23594313807693132,0.3163414141407519,0.06134135777805357,Proliferative,1.8402056449595283,-1.870522181137512,,0.0
TCGA-69-8453,0.8318758869526666,0.9889058844197396,0.7618488720734531,1.4136618771380736,0.7787660155833114,1.6395887936135554,-0.2759988419802421,-0.11498621288419358,0.11362480014758677,0.13294450574166358,0.10594019944530839,0.20330102934508273,0.10774765035000479,0.254834598221817,0.037525738768196426,0.04408147798034033,Mucinous_gastric,1.926320363496048,-0.2992864353763676,,
TCGA-69-A59K,0.13504987493043297,-0.056084246167088354,-0.06138969071841421,0.03604860634701855,-0.3556708968824082,-0.6189264738965037,-0.03682419506424501,0.11430351232817662,0.15485524089137892,0.12791380385607198,0.1272369613252547,0.14025882730646158,0.09480005401025769,0.07285815013684577,0.13040130809002143,0.15167565438370795,AT2_TRU,2.055606395278988,0.6445643015162894,ERBB2,1.0
TCGA-71-6725,0.3671197346168302,-0.5555691078996869,0.36529943537819837,0.8695919182467512,-0.661360837418102,-0.8871860873851233,-0.36841983232968945,-1.4052956582764304,0.1872510134733655,0.07442271409892783,0.18691047063507363,0.30948889728769235,0.06695156602021653,0.05341781009768977,0.0897394496528442,0.03181807873419022,Ciliated,1.8470673466582066,0.4408005616794373,EGFR,1.0
TCGA-71-8520,0.19538608678668146,-0.19611756237512612,-0.5628435470336235,0.15638828076871567,0.10155327930031435,0.07424842293894603,0.4356651239435945,0.8983465045186231,0.12204109117069989,0.0825046084464351,0.057175653352176184,0.11737336349318532,0.11111047686479221,0.10811766632452187,0.15518793061295594,0.2464892097352336,EMT_mesenchymal,1.9965902768449437,0.7270336063052341,,
TCGA-73-4658,0.41540473203904965,0.033765059045957606,0.0033251988930770105,-0.32340094292648836,-0.01597424923897109,-0.4215566775934839,-0.3434507660117011,0.9960807123042215,0.1623170609160927,0.11082051555738863,0.10749797986963519,0.07753627672857877,0.10544321982768846,0.07028723328586432,0.07599716907474065,0.2901005447400112,EMT_mesenchymal,1.9556092962935656,0.06159633276841883,,
TCGA-73-4659,0.9318575471136881,0.28526650857112135,0.5159963846293062,0.06361423970877504,-0.33196228102584135,0.2603197705271837,0.561381511325872,0.1894520696557194,0.21914654655082474,0.1147951952535108,0.1445867257727135,0.09197321202006795,0.061924805855818346,0.11196685519888595,0.1513000017819543,0.10430665756622437,AT2_TRU,2.0191659140709435,0.17484387313736116,KRAS,1.0
TCGA-73-4662,0.6151600677502261,-0.20084837449962079,-0.0928752477041406,-0.04246910154799941,-0.4702896313008574,-0.10971175276513918,-0.5793391704534872,-0.10743362013906195,0.2461013905728308,0.10882435555451389,0.12123227000527977,0.12749975442535508,0.08312071167458733,0.11920822897860368,0.07453317808075975,0.11948011070806959,AT2_TRU,2.012496985839285,1.1228317140740056,KRAS,1.0
TCGA-73-4666,-0.045250866336593136,0.5760186307872762,-0.25339791892477953,-1.06841320026224,-0.35426531729520383,-0.7941307846335539,1.4304383927337028,0.03414423016247413,0.09348781511471395,0.17400788343700938,0.07592029618603732,0.033604795306721044,0.06863596422634874,0.044210008047921065,0.4089203391400099,0.10121289854123866,Proliferative,1.7548464591352564,0.21262336171487656,RIT1,1.0
TCGA-73-4668,-0.10564908557326837,-0.2742975106865447,-0.3855052020576347,-0.4974229807470569,0.2036334464858647,-0.39146422467973985,0.2039691520950318,0.3034170768198192,0.12108413812611904,0.10229258989084354,0.09152659116424314,0.08183555158866734,0.16497075114872162,0.09098280396623229,0.16502614205222907,0.1822814320629439,EMT_mesenchymal,2.035517833953177,0.3960652827862057,KRAS,1.0
TCGA-73-4670,-1.0999839120539174,-0.9326731050436625,-0.33864110820085896,-0.927389847365478,0.8193999012339861,0.22675770903979817,0.8087020530126239,0.04230420809546162,0.03849810187061992,0.045509438546513056,0.08243018905708616,0.045750512905367496,0.2624321969422823,0.14508946600922987,0.2596397006139115,0.12065039405498958,Basal,1.8492857132435123,-2.2951436291687926,,0.0
TCGA-73-4675,-0.3827389995105772,-0.7461936827771458,0.7563828782475135,0.9081502600192639,0.3119967120209185,-0.005292164946219735,-0.8056622854853588,-0.12555276524112366,0.07212164533100517,0.05014403321696255,0.22530974267634568,0.26223563542015976,0.14447260768704145,0.10519345109695219,0.04724897336111579,0.09327391121041748,Ciliated,1.908372438498085,0.9691678495830284,RIT1,1.0
TCGA-73-4676,0.14343224209147512,0.4248530715263002,-0.3873633754825237,-0.7508678827762817,0.3003522403996602,-0.5002180791767509,0.9336453912266134,-0.13219897619530466,0.12530898495388615,0.16603579477712752,0.07369883187125009,0.05123805112201722,0.14659923412252387,0.06583372503775474,0.276164227518426,0.09512115059701438,Proliferative,1.9425472949483344,-0.0031425261177208683,NF1,1.0
TCGA-73-4677,0.761399307693657,0.025068980185795214,0.816353464826907,0.038491758088695406,0.6947028405671689,0.18271123071628506,-1.4721557683914488,-0.8976953342666528,0.2077158219812394,0.09946845687386469,0.21945014177967806,0.1008126007700728,0.1943138116378143,0.11645242588387278,0.02225609333747182,0.03953064773598608,Club_secretory,1.901289479201398,0.5916002772168845,KRAS,1.0
TCGA-73-7498,0.7827833168005074,0.34694950703375477,0.47709232840596083,-0.10843362509970347,-0.3048224054946399,-0.2941497807276111,-1.7627174594055148,0.13579506470814964,0.24550655601382165,0.15877527565949368,0.180843616980423,0.10069606371332099,0.08274122193735534,0.08362901707705267,0.019256003368487703,0.12855224525004497,AT2_TRU,1.9308962094652864,1.1010096268090148,KRAS,1.0
TCGA-73-7499,-0.2373734676178274,-0.32347580666381925,0.716814829525329,1.1858934835417287,0.36781131330301553,-0.2187606674959647,1.0851837875848176,0.0035754254934381446,0.06045744168337124,0.05546972271400128,0.1569815011596555,0.25093818287035147,0.11073328313396032,0.06159326156493487,0.22689717231523543,0.07692943455848983,Ciliated,1.9168686595662359,0.22394356948359043,,0.0
TCGA-73-A9RS,-1.0819159644044671,-0.9350866114020021,0.04221873542742876,1.3598119088432157,-0.9648132671747174,-0.36423849608596676,1.2612768882637104,-1.0757822738605856,0.031925339846830686,0.03697453380108567,0.09825191551123713,0.3669141585447906,0.03589158059793186,0.06543632388358483,0.33248438603271496,0.032121761781824305,Ciliated,1.6021361314435683,-1.7682766097646694,,0.0
TCGA-75-5122,-0.36292434047130634,-0.2638188723195547,-1.1041029402540783,-1.2580674493674437,-0.3061569354126469,-0.2185837390608724,0.543136691030422,0.12739882341726813,0.10740710717465503,0.11859707491935456,0.05118506319003904,0.04388107991732063,0.1136807134540185,0.1240850175539417,0.26578491359848333,0.17537903019218723,Proliferative,1.9454188063149014,-0.2660986776608605,MET,1.0
TCGA-75-5125,-0.07381741627228997,-0.20797950586391817,-0.32038755906059146,-0.7929970995352055,0.19355474079032375,-0.5634485520710387,1.028389833763645,0.34003831027323905,0.10431990020262068,0.09122236086399464,0.08152355515073498,0.05081961785416007,0.13629672337257698,0.06393270243919615,0.3140868033728166,0.15779833674389993,Proliferative,1.912548426970271,0.37078803170425834,,0.0
TCGA-75-5126,0.5231567506303348,0.7331319086431775,0.5696996515624458,1.0182149319482205,0.3603397125327531,0.24205448518943917,0.6521917666758577,0.4015135487817717,0.116962127196568,0.14429002567278834,0.12253455650882399,0.19188732763517385,0.09938817523063775,0.08830068964074182,0.1330713165626501,0.10356578155261614,Ciliated,2.051340095672341,-0.17185453828518119,KRAS,1.0
TCGA-75-5146,0.8331229780980974,0.4620073482375078,0.7828688877489005,0.5750810858811776,0.0649767662318908,-0.2343869230966056,-1.0417107335923284,-0.9225341120742697,0.21990468032241026,0.1517263472661695,0.20912665869098704,0.16989019030931024,0.1020076662052791,0.07561723852477896,0.03372908324581514,0.03799813543524974,AT2_TRU,1.9142444443165751,0.502857122339255,BRAF,1.0
TCGA-75-5147,-0.7331143766978402,-0.15833881822461401,0.3720904595308157,0.7012413606857851,0.3685408520356931,0.3815152572524157,0.5018343770688453,-0.054185320654283664,0.046596012587233074,0.08278861311316331,0.14071264144719067,0.19556067866207263,0.14021405222198327,0.14204509883724215,0.16020651863944624,0.09187638449166885,Ciliated,2.0096159558519373,0.07796289821716179,,0.0
TCGA-75-6203,1.0800750038945421,1.7659595892897866,-0.08901907488473212,-0.7458986315832293,-0.35622929468688314,0.07318315993376483,-1.2727331255513976,0.17263487588672938,0.2193438516286923,0.43551323346256643,0.0681387807307284,0.0353276859753568,0.052161063086999165,0.08013788818595884,0.020859979520553133,0.08851751740914487,AT1,1.6475841582960502,0.063187526631491,RET,1.0
TCGA-75-6205,-0.2834061157334631,-0.013414651279133697,-0.28809820621726956,-0.6569050884961289,0.298086399487259,-0.5578501613816226,0.4583794474237085,1.1025294427763201,0.07911053912352353,0.10363110937831553,0.07874021479277996,0.05445350025257882,0.14150550474104392,0.06012357684578889,0.16610691827673615,0.316328636589233,EMT_mesenchymal,1.9022267890056128,-0.568107272871974,MET,1.0
TCGA-75-6206,0.6464988662804553,0.23810427677554058,-0.268424793667909,-0.4582265180582679,-0.5206119878869537,-0.5089342128025015,-2.166610417261652,-0.24530393575168485,0.28631261180996903,0.19031672779252046,0.11468171576331944,0.09485589809337394,0.08911907599238784,0.09016588884391269,0.01718393573703923,0.11736414596747737,AT2_TRU,1.8993085271949037,0.5493199831409646,KRAS,1.0
TCGA-75-6207,0.17967832358048894,-0.36710696948410926,-0.3919222649920086,0.04088884007097909,-0.5050685016874016,-0.5313624760564593,0.5509504982626556,-0.4192276634901368,0.16643974514639778,0.0963365760064987,0.09397537354072738,0.14487102580585665,0.08392189355477946,0.0817440115000841,0.24126731932528409,0.09144405512037189,Proliferative,2.0003994299440895,0.3609226297532103,EGFR,1.0
TCGA-75-6211,-0.7994351960190075,-0.6138433855960139,-0.26804453426551467,-0.002156147974314872,-0.11493890864221964,0.3438206885030448,0.8001649522045498,-0.14540640860793513,0.05519133833768299,0.0664465481491831,0.09389683584281319,0.1224968205363956,0.10943188645209902,0.173133316151554,0.2732552049060711,0.10614804962420096,Proliferative,1.95769291786906,0.18248160368010793,NF1,1.0
TCGA-75-6212,0.7793261266479926,-0.17356170961808107,0.04103750832320637,-1.1404659183775614,-0.32880546779168196,-0.26825220640894004,-0.8668345325446843,-0.5335934526737803,0.317160475793439,0.12230525896565814,0.1515808673224591,0.046507604346018576,0.10471855095019299,0.11125552085908018,0.06114494660439112,0.0853267751587609,AT2_TRU,1.9113583592186685,0.5255884632402871,EGFR,1.0
TCGA-75-6214,-1.245704401045039,-0.24606786506915423,0.6149788844734421,-0.42152710006576605,1.971289652345387,0.0055368051695599,0.9782929469497732,0.17368338618109033,0.01843253366969092,0.05008661333596861,0.11848667690188135,0.04202625485214741,0.45994701171241875,0.06441576773470117,0.17039420157881535,0.07621094021437647,Basal,1.6410907735464062,-1.2273616216837082,,0.0
TCGA-75-7025,0.16263571691086484,-0.10464086328080807,1.0527658095728687,1.5494914774442434,0.9102392543773438,0.0371895796976673,-1.4164335867936915,0.06576072587179455,0.081227995530739,0.06217688955258685,0.1978264345252814,0.32509443872987903,0.1715480663774046,0.07165148093524752,0.016746523032745257,0.07372817131611635,Ciliated,1.81448818417056,0.5445918642335501,EGFR,1.0
TCGA-75-7027,-1.0568619617682875,-0.11981627794693327,-0.10401749193450475,-0.26113057318347616,0.25109553346555824,0.49529111269873644,1.2480533953901234,0.7135098769599328,0.030601469462723723,0.0781080959874546,0.0793519085748887,0.0678147293259941,0.1131829487149636,0.1444886711206682,0.3067286211995905,0.17972355561371667,Proliferative,1.886476007005609,-2.0120020469055357,KRAS,1.0
TCGA-75-7030,0.40156553361752984,0.8255491876930909,1.0553859359465536,1.294130580454294,1.576526893009966,1.3984780090993023,-1.637325877060611,1.616687252147911,0.061195426123535596,0.0935088518735049,0.11767103032715114,0.14940152752119853,0.19815188044010204,0.16583360824096108,0.007965988487100908,0.20627168698644582,EMT_mesenchymal,1.911204485305296,-0.22118154804042106,KRAS,1.0
TCGA-75-7031,0.29076699259040806,-0.06674238833346392,0.02933935162866232,-0.2582137836164099,-1.350626261578675,0.2121239018008376,0.15942492618855758,-0.8024392608984869,0.18597580250074716,0.130074477498618,0.14319236416095668,0.1074081211310529,0.03602536656033085,0.17191041195276816,0.1630854839532465,0.06232797224227971,AT2_TRU,1.9872496626852891,0.17529849995538155,MAPK1,1.0
TCGA-78-7143,0.39135451279036987,-0.14048350112287944,0.4065376333500116,1.035834488104368,-0.2893003425918489,0.2940844587887213,0.8649026637415913,-0.8539484413735328,0.1279598640607772,0.07517950386433148,0.12991751814503816,0.24376304540048954,0.06478420329585151,0.11609938583472516,0.20546276055582496,0.036833718842961966,Ciliated,1.9409102940502911,0.3636049279795319,,
TCGA-78-7145,0.37044830928423655,-0.19797386378785709,-1.1726576640748387,-0.5185155099026867,-0.49408695540355085,-0.3836628691926087,0.8086416241257007,0.046943237233711556,0.18669238667013843,0.1057460112173664,0.03989920097249569,0.0767457839043014,0.07864365926533373,0.08782542987576548,0.2893553698430074,0.13509215825159146,Proliferative,1.9193240706013828,0.6206963935702056,KRAS,1.0
TCGA-78-7146,-0.8909450679333273,-0.6368466899415297,-1.2774337720766857,-0.9547021483668013,-0.13435622650871254,-0.8087449433526405,1.2812650499758358,-0.3904777367290824,0.05697748612222368,0.07346099517653729,0.03871269201659516,0.05345815129712616,0.12141871795966948,0.061858921592958166,0.5001291311641805,0.09398390467070974,Proliferative,1.6344328124557788,0.05955051208732586,NF1,1.0
TCGA-78-7147,0.021270065093708334,-0.23029358118339863,0.8300694648476995,1.5877015731014696,0.34912858510714945,-0.4079082807775475,0.4194183600072698,-1.1173680251249134,0.07898471705373783,0.06141724951714676,0.1773373371780209,0.37829937773672834,0.1096302016166842,0.051422510952724834,0.11761336460993534,0.0252952413350217,Ciliated,1.7860416481159276,0.16120506859674175,EGFR,1.0
TCGA-78-7148,0.38429943744903844,-0.2353211483906797,-0.37023116993415683,-1.17867560975563,-0.5477113886162785,0.9628069259933781,0.30953834812109415,-0.6923537213906293,0.17656219090986947,0.09501669232982227,0.08302506609575165,0.03699186869659923,0.06952332756529597,0.3148765506409662,0.16384356184841867,0.06016074191327654,Mucinous_gastric,1.8730781555037053,0.06682454117565616,KRAS,1.0
TCGA-78-7149,-0.4654501005389165,-0.37371959087730544,0.6276516165862457,0.48770123950187216,0.32549837759019495,0.00326020161012454,-1.1152030030745288,-0.37848449714621607,0.0763947346558941,0.083733931142619,0.2279247413816582,0.19815808390919454,0.16848761638205065,0.12207359222484422,0.03989140444104863,0.08333589586269076,Club_secretory,1.9543310030206618,0.6956188931800074,,0.0
TCGA-78-7150,-1.52973690510654,-0.46292135301454906,-0.4520170095133393,-0.6801951000880904,0.3437177805171211,0.26034022892132297,0.9578630396250827,0.5418087448043765,0.024008008388489082,0.06976992267274909,0.07053488097995156,0.0561445302106915,0.15631014509610602,0.1438059169572008,0.2888730742729379,0.19055352142187407,Proliferative,1.8676175933658685,-3.5578241535393262,,0.0
TCGA-78-7152,0.4022394213552174,-0.23672659515209313,0.6603176403851023,-0.10625205228141418,0.3499859557598789,0.13182115480650983,-0.5273436150509409,-0.70393806758528,0.17060863543368582,0.09005370686425206,0.2208426530568455,0.10260439603428119,0.16192265552580654,0.13018467056472535,0.06734234358418462,0.05644093893621883,Club_secretory,1.989802396678337,0.529043627057244,SOS1,1.0
TCGA-78-7153,0.3395442254019488,-1.467200589169583,-0.3418746666814793,0.23634421270625725,-1.320508147683039,0.3263153161650949,-0.3147629338282235,-0.958978051790069,0.22017910317235914,0.03615070700334331,0.11138831485322448,0.19858978351825182,0.04186243759444382,0.2172855552405463,0.11444955534527686,0.06009454327255411,AT2_TRU,1.900313187575648,0.40774919200933646,BRAF,1.0
TCGA-78-7154,-0.2079203328942253,1.0861969635837543,-0.14995870598386912,-0.04921292249479043,0.05337823703230844,0.5730544918647087,0.9727326575757074,-0.46785544807880464,0.0694962734923916,0.25350674465126166,0.07364341718620093,0.08144928386787607,0.09024892648554442,0.15175205275707898,0.22631461269651684,0.053588688863129605,AT1,1.9258536959517019,-1.501637980995562,MET,1.0
TCGA-78-7155,-2.2739028241236308,0.13197017848758283,-2.2463347598425525,-0.4206464407440767,-1.5430665784503137,-0.9227259161790741,1.9255916992104187,-0.9106590837279186,0.010417004269060285,0.11550484757530913,0.01070817599215783,0.06646635502771794,0.02163420749883575,0.040230137538629945,0.6943207434900306,0.04071852860825848,Proliferative,1.1214768524927634,0.5514112665038595,,0.0
TCGA-78-7156,-0.1683449599363284,-0.3051535611225271,-0.24219725097750539,-0.2826590806191937,-1.1806152254491507,-0.6958629760401768,-1.580105735846076,-1.2271540401383243,0.19095022315511156,0.16653478077385434,0.1773562623510033,0.17032334529820084,0.0693899827846112,0.11267355750417507,0.04653720063544316,0.06623464749760052,AT2_TRU,1.9766024053066373,1.0215408590190067,,0.0
TCGA-78-7158,0.7081504925369435,-0.7393241593043318,-0.5118683214702497,0.01627786369713515,-0.47963183223420913,-0.312449157357374,-0.27175697012403716,-0.7585281924642158,0.3028158181798957,0.07121119990283652,0.08939868258520313,0.15160100933290352,0.092327536607431,0.10912839338636413,0.1136606548386001,0.06985670516676604,AT2_TRU,1.9465392699527562,0.8601938013034802,,0.0
TCGA-78-7159,0.29556964362819355,-0.6632358713762676,0.08812903027696124,0.05195546059410635,-0.6213949060835661,0.24183013717649773,0.5830750689834983,0.18588981249419753,0.15252202049451002,0.05846939572248666,0.12394877419957988,0.11954523069213807,0.06096771322140827,0.14454190649546955,0.2033267737359526,0.13667818543845492,Proliferative,2.011548131353228,0.3899278207429272,,0.0
TCGA-78-7160,0.31217684579648275,1.018370612145447,0.2681182373382665,-0.5745823968730795,-0.2655926032309917,0.5154070974138673,0.30916154450451633,0.35182703259969345,0.12166797120849802,0.2465314455417936,0.11642382292496861,0.05012583503041961,0.06827381685442992,0.14908640522932964,0.12130165816735962,0.12658904504320106,AT1,1.9864336806150968,-0.039921835695590775,KRAS,1.0
TCGA-78-7161,0.05910606816225608,-0.8316155206679614,0.13831068751580058,0.2815105716869938,-1.5313708730639781,0.09767869563860183,-1.078078868360745,-0.3870918265880246,0.1681861123799662,0.06901677487552768,0.18204898466450678,0.2100773259062535,0.03428110188188423,0.17480023462948077,0.05394075105411187,0.107648714608269,Ciliated,1.940171605557142,0.5345900742370958,KRAS,1.0
TCGA-78-7162,1.2243971421480062,1.4824262224137028,0.56300839693512,0.3446529407123344,-0.06872207139854572,-0.36685614955583823,-1.1553012150747848,-0.045784178410813454,0.24528787076593514,0.3174948455702563,0.12660142407923988,0.10176724582266768,0.06731030127631053,0.04995782811363101,0.022708382882352853,0.06887210148960654,AT1,1.8047167344444124,0.34591994475852894,,0.0
TCGA-78-7163,-0.7563507479843986,-1.6867014523391408,-0.01164454323096439,0.3522032137538282,-0.5419288171360226,0.11704662772410736,-1.4077013526678706,-3.0654448291713985,0.09272065493714868,0.0365704507679701,0.19525325653198383,0.280941152121486,0.11489437102624564,0.22206910968553084,0.048339095211741095,0.009211909717893723,Ciliated,1.7895090367649045,-0.035193716788176205,ALK,1.0
TCGA-78-7166,-1.1851272655909526,-1.036786769499341,-0.012237061384697347,-0.3919621040384926,0.08703929455395751,0.6717859598048967,0.40751576120070593,-1.2946609595476282,0.0427586131494892,0.04959604776315411,0.1381666902336212,0.09451285091971115,0.15258734900238294,0.27382353817710237,0.2102324196739006,0.03832249108063847,Mucinous_gastric,1.874598200634405,-0.39316687329763045,KRAS,1.0
TCGA-78-7167,0.25943043386916326,-0.9485618224018152,0.9291963421185274,0.4626923964902753,-0.357348730864632,-0.297758809496295,-2.518252105920818,-0.863676302330275,0.16728235542923775,0.049983396461403234,0.32683290422123956,0.20498669988021342,0.09027891837049805,0.09582215223326641,0.010402026011675444,0.054411547392466106,Club_secretory,1.7869608930004754,0.7062116980398884,KRAS,1.0
TCGA-78-7220,-0.4268416576647016,0.231475996117789,-0.7808211472628971,-0.8328860020275322,-0.5621660203476563,0.9150355805290402,1.152198705721086,-0.937587969291534,0.0692055471060564,0.1336732880152913,0.048574637390988884,0.046110314901096246,0.06044637795414888,0.26479561336853147,0.3356675995656604,0.04152662169822635,Proliferative,1.762625573364942,-1.7336795089132984,MET,1.0
TCGA-78-7535,0.06549247492496471,-0.6915091173428416,0.682745040825518,0.2767297714775047,-0.425354458799461,-0.17641040841326813,0.38433372510572017,-0.6641186264463997,0.12799224181383856,0.06003742147067542,0.23727557210329678,0.15809671212183576,0.0783450444194749,0.10049085897754179,0.17605754493107317,0.06170460416226365,Club_secretory,1.9730295834435698,0.7630400502924687,NF1,1.0
TCGA-78-7536,-1.131311118749775,-0.5097425298982521,-0.07984892683492979,-0.21248612906534844,-0.5140075484123239,-0.4243447558629208,1.4725351379992861,-0.5641824715733018,0.036508882219232,0.06797392449372303,0.10448230964398846,0.09150380619176712,0.06768463180514815,0.07403381455975956,0.4934402789270408,0.06437235215934087,Proliferative,1.6585426514155959,0.41670534032434325,,0.0
TCGA-78-7537,0.6523962345279487,-0.3390495042362169,0.5138246888725779,-0.700580584439423,-0.19687683912928064,0.5338303334239821,-1.71248630141157,-0.0720655699038441,0.2275532799621116,0.08443134085707892,0.19810810428755993,0.058815627278665086,0.09733039598898542,0.20211129428869917,0.02138098279855011,0.11026897453834983,AT2_TRU,1.9081810553862792,0.7849985256028659,BRAF,1.0
TCGA-78-7539,-0.09319955840709848,-0.2480257141754142,-1.1442591681143184,-0.455422433344177,-0.7102846831483001,-0.3485084378535685,-1.0028560907227198,-0.990852048433532,0.19894012354075616,0.1704049625557348,0.06954293162008769,0.13848763141573417,0.10733113421410374,0.15411437372318443,0.08010572786175525,0.08107311506864386,AT2_TRU,2.015615082748391,0.5585943702285855,KRAS,1.0
TCGA-78-7540,0.12271605192714863,0.6541566476569659,0.25769321328181716,0.6460624732036102,0.4534401942112871,2.2871465297021434,-1.2166820084146868,-1.2295843291293922,0.06189719140813277,0.1053107392732457,0.07084199446098015,0.1044617762402291,0.08615938956252589,0.5391022647247006,0.01621727034825339,0.01600937398193225,Mucinous_gastric,1.5101088236477445,-0.70390430341474,KRAS,1.0
TCGA-78-7542,-0.2630235901106777,-0.02179419516696753,0.12621913757523545,-0.004688204097140476,1.258076964016082,0.013171138233777534,1.2367744843487878,-0.26815981313720566,0.060921841362259824,0.0775421103711743,0.08991227575577979,0.07887995497502592,0.27885510433139976,0.08030135393919458,0.2729776238582989,0.060609735406866996,Basal,1.8686374321814891,-1.2996927484307925,NF1,1.0
TCGA-78-7633,0.5812324059611002,0.4979487634924401,-0.5365322677338578,-0.6910625712428903,-0.9244059308924677,-0.5430946080615939,-1.0265244920697374,-0.8309416389807909,0.2842536963450865,0.26153902143726915,0.09295378765361292,0.07964443447854778,0.06306896432780382,0.09234579038867692,0.05694638655026995,0.06924791881873298,AT2_TRU,1.8730337157501815,0.765176796337166,BRAF,1.0
TCGA-78-8640,0.040926920580666264,0.07409294381485886,-0.5153654885286068,-0.6184405959580179,-0.797856886760115,-0.408912521330206,0.5466586593519295,-0.8551819454501185,0.15973035179397743,0.165116802179896,0.09157833105122985,0.0826090778392419,0.0690411901295409,0.10186492289674631,0.26486462092052254,0.065194703188845,Proliferative,1.9624105906123959,-0.2537782908925011,,0.0
TCGA-78-8648,0.4546385940746435,0.4450005953680925,-0.740492078950232,-0.5996182164806216,-0.040696352322434334,-0.4478404908318983,-0.4772949704916942,1.4322784919126665,0.14906638445939777,0.14763658411367964,0.045117088039913655,0.05194237491832298,0.09083610090159532,0.060455808196665406,0.0587010829433456,0.39624457642707955,EMT_mesenchymal,1.780343278371341,-0.17894671664630324,,0.0
TCGA-78-8655,0.05325569553374213,0.18181962851550504,0.24186770422450063,-0.6993810725625353,-0.3514662758047975,0.07012320582615438,-0.7134907408576474,0.05067465202190039,0.1436367575542126,0.1633428765630375,0.1734517745690756,0.06767053306200234,0.0958290259879395,0.1460801006682433,0.0667224287351397,0.14326650286034942,Club_secretory,2.025532990593879,0.4510751277667037,KRAS,1.0
TCGA-78-8660,0.5553349997905455,0.7107050910038087,-0.33239910874009343,-0.07554725942962515,-0.35949178122549846,0.14083158536245893,0.9721733343872712,-0.21183065719473143,0.16248172269140207,0.18979330487300605,0.06687541502432069,0.08646011942201047,0.0650879048581128,0.10734651987094604,0.24651031890630404,0.07544469435389776,Proliferative,1.960778583820439,0.653429524467692,MAP2K1,1.0
TCGA-78-8662,-0.03815322315844376,0.2642876343626655,-0.17343403530001494,0.08280872264471568,-0.16437208508589596,-0.8902099643122531,0.6980733039739231,-0.5161777802510039,0.11945693955856915,0.16164407100685765,0.10434212420416566,0.13481694749268697,0.10529196454188373,0.05095277517888333,0.2494310427292622,0.07406413528769126,Proliferative,1.9821905191545341,0.546001207369414,BRAF,1.0
TCGA-80-5607,0.5593951484190118,0.362874401905319,0.39854834459467237,0.005169725778026084,0.5064814866143585,0.3364530408211477,0.4499718556958653,-0.48876605520380983,0.16017735679939546,0.13159919933682562,0.13637860489468057,0.09202463000628554,0.15192211975622616,0.12816770141728476,0.14357512086812196,0.05615526692117981,AT2_TRU,2.0414569905123816,0.7361261426656468,BRAF,1.0
TCGA-80-5608,0.8715617455418273,-0.10629125025075292,0.862812623312369,0.07110233761329944,-0.012604417140613952,1.3173255101272576,0.2480496959798671,-0.911076717756913,0.18196631600652588,0.06844076299008339,0.18038121469991406,0.08172518245305856,0.07516272503780938,0.28417361097685045,0.09754458382607678,0.03060560400968168,Mucinous_gastric,1.893015549333893,0.4723062001682675,KRAS,1.0
TCGA-80-5611,-1.4790464843197055,-0.6475570034268264,-1.0582389294799233,0.3521905191643459,-0.030723605270067705,-1.174494023707586,1.0924175462785828,0.08152624722557951,0.028968684801014947,0.06653345427647714,0.04412484343082398,0.18081102328234266,0.123289875140165,0.039282057902596694,0.3790542909436032,0.1379357702229764,Proliferative,1.7560318247491735,-0.3395663714529964,ARHGAP35,0.0
TCGA-83-5908,-0.7460057112993056,0.3473568132272641,-0.052734693289619994,0.21874299304956518,0.33631505160855046,-0.41866802356038957,1.5333720056263662,0.511552738801146,0.038117190703022684,0.11375282633843939,0.07624382266199968,0.10002439280335307,0.11250370369489895,0.05287882989079078,0.37242776399485494,0.1340514699126406,Proliferative,1.8368053522922452,-0.02851070256327258,KRAS,1.0
TCGA-86-6562,0.24905844295165955,0.6282967113872387,-0.014212908884861273,-0.1296737963716667,-0.05979122086189073,0.13385439306988248,0.29228151898633653,0.7868923910443423,0.12053459177546012,0.17612166750473174,0.09263485072547842,0.08253352224778886,0.08850748428204053,0.1074185333028447,0.12585870092336818,0.20639064923828732,EMT_mesenchymal,2.0279392893365378,0.4395730692707816,ERBB2,1.0
TCGA-86-6851,-0.2658884046471781,-0.05887679394366733,-0.3596635636359994,-0.6961670932606608,-0.38583761172652675,-0.14725924571277485,-0.20202706510905646,-0.004639822863663329,0.12242561996048565,0.15058312725674558,0.11146699104033679,0.07961678782712739,0.10858729964674645,0.13784540733391445,0.13049892655751608,0.15897584037712775,EMT_mesenchymal,2.0605958302126473,0.08528238998729445,,0.0
TCGA-86-7701,-0.08193852948658902,-0.11706186853170235,-0.014747580304103669,-0.6561591176603566,-0.5061754235047176,0.1751610724230461,0.8463588777457313,0.6894367785707921,0.0976704744882408,0.09429950764576804,0.10445854109022727,0.05500250443344851,0.06390275108978588,0.12630491064910482,0.24712560132126893,0.21123570928215565,Proliferative,1.9563218840654706,-0.16648994183253799,,0.0
TCGA-86-7711,-1.239911704699385,-0.5602726651284136,-1.205721179806983,-1.3485773962909353,-0.6657055010940472,-0.5122586426424703,0.6648006203205485,0.41039719895291893,0.0483629681042132,0.0954281338078273,0.05004511626843969,0.04338304547241027,0.08587910939882959,0.10012180163026196,0.32487702433881926,0.25190280097919876,Proliferative,1.8104864139685979,-3.142431629913865,,0.0
TCGA-86-7713,0.4162345047267477,-0.6864883145341072,-0.15887575017607086,0.23846148349748758,-0.3981792996338648,0.40393342547574485,0.46684609952701167,-0.8562632386663325,0.18200151835795056,0.06041831034501765,0.10240184958187455,0.15235937027128166,0.08060826803311194,0.1797764168893988,0.19144998976605165,0.050984276755313196,Proliferative,1.9793903562104345,0.3015938300015162,KRAS,1.0
TCGA-86-7714,0.2731250559453547,-0.9945387303188951,0.050474663480390466,0.4408516921584408,-0.07890265624192502,-0.46871802699930937,-0.8033513602982243,-0.4749148992511809,0.1901834917005807,0.053534460372386974,0.1522218444025163,0.22491352345654303,0.1337485627244946,0.09057210456232148,0.0648134365271208,0.09001257625403608,Ciliated,1.9751745176694822,0.5594581611828248,BRAF,1.0
TCGA-86-7953,-0.3568837681402491,-0.1763551057564453,-0.26026866168616947,0.01301594708363971,-0.40653953539763854,-0.69151193160866,0.945015246141368,0.23757040297945625,0.0840170201426715,0.10063982574161501,0.09253940053150643,0.12162215081964653,0.07994697734969251,0.06012292615437824,0.3088693627853802,0.15224233647510957,Proliferative,1.9361096457780982,0.29904791982060047,KRAS,1.0
TCGA-86-7954,0.20375895393450683,-0.2367712323805791,0.5772450902478327,0.2927549411587395,-0.01232031051975269,0.1306248205188323,0.48504548960213584,0.12290693441897048,0.12237097193540651,0.07876958917859207,0.17777937600419158,0.13376080556524897,0.09859079695748607,0.11374089960360516,0.1621211216260769,0.1128664391293928,Club_secretory,2.0502409289076136,0.3931102084690715,,0.0
TCGA-86-7955,-0.9767335080015886,-1.090056033742342,-0.7025638176824346,-0.6574880453853348,0.293619139642782,-0.5681238029449303,0.6139379619272042,-1.9730146831442998,0.06699038494806928,0.059813212125941324,0.0881216980217809,0.09218473597781833,0.2386270203159856,0.10080206140872673,0.32872468304702906,0.024736204154648854,Proliferative,1.8138165771778363,-1.038464178796131,,0.0
TCGA-86-8054,0.10023514122999977,-0.15615541017520973,-0.23128460561297898,-0.7860733603673052,-0.2764330336655705,-0.21281264576293427,1.7447703411389717,-0.14453364686564907,0.09725079109522188,0.07525652160459394,0.0698097280413929,0.04008429515269894,0.06672801917001138,0.0711112342123928,0.503623173616399,0.07613623710728913,Proliferative,1.646232851554871,0.5645499815446562,KRAS,1.0
TCGA-86-8055,-0.21941187774939985,0.11008481061503161,-0.623359216865741,-0.24142766666368856,0.45518162775780674,-0.05004910306347932,0.10646055661258229,1.5420550484022786,0.06949190376325967,0.09661238494438024,0.04639830433469898,0.06797870295313958,0.13642892167551326,0.08231661970809892,0.09626287086803297,0.40451029175287634,EMT_mesenchymal,1.8050742893471048,-0.3023324350571061,EGFR,1.0
TCGA-86-8073,0.14989947441011275,0.8280471610359816,0.19826406456564255,0.1363130449478938,-0.30914817045599363,-0.5786162743406602,-0.08522793703872486,0.2635665629556788,0.12450753061030169,0.2453078340913082,0.1306772824498268,0.12282735745054277,0.07867445817411634,0.06009042146123864,0.09841948369186197,0.13949563207080357,AT1,1.9995599690901977,0.11569692411287524,NF1,1.0
TCGA-86-8074,-0.3804768797396638,-0.31807567385802477,-0.024827077886152942,-0.16101455855738825,0.4775507534410562,-0.18209427469565323,0.6687637095959049,0.8123985519906536,0.06912347419970795,0.07357428620093692,0.09864664160901918,0.08608685321413437,0.1630280088889068,0.08429115963382376,0.19738082329941767,0.22786875295405332,EMT_mesenchymal,1.9777698442317126,0.24462908970352953,EGFR,1.0
TCGA-86-8075,-0.2517426103254338,0.08671085218192813,-0.047957711219239356,-0.18164173928481658,0.424376462418797,-0.3147470577077058,0.28148255569091485,1.2411722183201899,0.07266878416596292,0.10193806022161134,0.08909442948393727,0.07794572760991353,0.1428836962406819,0.0682315771809736,0.12385816491639698,0.3233795601805224,EMT_mesenchymal,1.9225919825985598,-0.13748475084282072,EGFR,1.0
TCGA-86-8076,0.3918940962106326,0.06336144986906464,1.0116977445547246,1.4996067031721234,0.14174601218677335,0.0938717556625063,-1.1702069402025281,-0.12555258947082729,0.1119485636088142,0.08060066224931846,0.20806346651955945,0.3389159424552073,0.08717271915939247,0.08309771228048414,0.02347505753273414,0.06672587619448986,Ciliated,1.8295843163134675,0.28804595082450113,KRAS,1.0
TCGA-86-8278,0.026513939040784057,-0.5655848102584564,0.2259722541628851,0.06709850136840512,0.685154720013007,-0.14399905824026202,-0.50907847322093,0.45031882907620613,0.11489223808377731,0.06355437760009797,0.1402537025964423,0.11965100229790242,0.22199068241305162,0.09688082662059602,0.06724900458384235,0.17552816580429015,Basal,2.0004960520684447,0.3295079166279836,ROS1,1.0
TCGA-86-8279,0.23787158456731128,-0.0633427784891004,-0.7613851061458616,-0.05958262590002723,-0.37136307335032304,-0.7079297759065889,0.060922396072316934,0.30023907976636055,0.17589872289591496,0.13015083254901133,0.06475764095248437,0.130641140778174,0.09564789931136103,0.06831347447848234,0.1473718821624978,0.18721840687207428,EMT_mesenchymal,2.017903435354037,0.7163953387635508,NF1,1.0
TCGA-86-8280,0.6845926733259381,0.44478888171829045,0.8995611645919539,1.208620050331742,0.6064345419166712,-0.12863281761760137,-0.33261079138359667,0.30542429229235873,0.14025836948348064,0.11035279120319906,0.17389552873887637,0.2368705039782108,0.1297134888985555,0.062194136520366074,0.05071809515717314,0.09599708602013844,Ciliated,1.9779290932266842,0.5964647841697053,EGFR,1.0
TCGA-86-8281,0.49170218053511744,0.14036252604691357,-0.20344850479313578,-0.3496585576962318,-0.0845936282872397,-0.048509018932939414,-1.3231207693583003,-0.48320153045977005,0.23155844249590415,0.1629580227605037,0.11554748924171551,0.09983028106899655,0.13013032967709123,0.13491178138137241,0.037713168975653855,0.0873504843987627,AT2_TRU,1.985968251459053,0.39101892510617664,KRAS,1.0
TCGA-86-8358,-0.9646283932130658,0.07855386580869375,-0.2933487309278667,-0.26871541335541205,0.3813475292968357,-0.12211913936066783,2.0339294657178355,0.6674502435234756,0.025552103767953308,0.07252286645676262,0.04999881548261148,0.05124574716209141,0.09816949985654112,0.059336753686665134,0.5124881103597759,0.13068610322759894,Proliferative,1.5900144948916686,-0.477772924131272,,0.0
TCGA-86-8359,-0.1602952039245222,-0.3939027567924484,0.18173453454541613,-0.15585182430653077,-0.21445458770549586,0.711998343077714,-0.41119330456334735,-0.05995830162245108,0.10607552236344515,0.08397706809313393,0.14933334980062843,0.10654790488771118,0.1004833389102306,0.2537741916976465,0.08253753956761882,0.11727108467958543,Mucinous_gastric,2.004690181885966,0.3045943670004523,KRAS,1.0
TCGA-86-8585,-0.25436687041340966,-0.18091502162955989,0.10647345167143982,-0.056644319397520446,0.4723476742688934,0.013972142220111065,0.5786789451874392,-0.0646122329813843,0.08609773567502967,0.0926598221951811,0.12351016179112259,0.10492078777641006,0.1780737262564482,0.11259779410154229,0.19805186243939701,0.10408810976486892,Proliferative,2.035792854454218,0.07200728690109152,,0.0
TCGA-86-8668,0.5274578982373842,0.10129690650227322,0.29164243352803265,0.49149770388693853,0.6900322640783955,-0.07746136300973405,-1.0365832244085351,0.7643413187718301,0.15135800014206457,0.09883846994578041,0.1195616846719442,0.14601183765842476,0.1780781071866966,0.08265940669291069,0.03167750381040331,0.19181498989177548,EMT_mesenchymal,1.9888320546162646,0.34355588530482145,EGFR,1.0
TCGA-86-8669,0.9998137791514564,-0.38706050644699264,-0.11082686842468438,-0.3132249502993621,-0.5970960967857415,-0.1220625106070252,-0.5279270965560239,-0.5949783873093453,0.35760646890983044,0.08934978607173531,0.11777693868268184,0.09619663746529068,0.07242295136731412,0.11646104543826395,0.07760968741508582,0.07257648464979777,AT2_TRU,1.889976545707677,0.9923083546202792,NF1,1.0
TCGA-86-8671,0.830196965191842,0.8145070782687305,0.3282384640092873,0.19327706203577527,-0.008332387676015601,0.11181546073183828,-0.41850984750746195,0.9529181977115573,0.18328355498815996,0.18043029890075432,0.11094958769759561,0.09694216187053631,0.07924189066883204,0.08935819273223039,0.05257956897423092,0.2072147441676605,EMT_mesenchymal,1.9878549980427387,0.2657237740596875,EGFR,1.0
TCGA-86-8672,-0.8196029764409231,0.20717899641583537,-0.5300463033209067,-1.399589405839799,0.3872563529065307,0.14978137992942242,0.38182913376992655,0.5666096555420732,0.05265473141346954,0.14701550726332274,0.0703380407783007,0.029481698191993498,0.17602313394908412,0.13881477024995298,0.17507040549959413,0.21060171265428224,EMT_mesenchymal,1.9405044530195061,-0.028010613063449825,MET,1.0
TCGA-86-8673,-0.17230794629955304,-0.8111082161511293,-0.4945536046282695,0.07309805685615203,-0.8638804241133251,-0.699669265599188,0.36824823050721095,-0.07777695057616778,0.13445127546469957,0.07098024503299803,0.09741266284529354,0.17184757161602104,0.06733158152179594,0.07934778639863682,0.23084766774788718,0.14778120937266775,Proliferative,1.9907675758368708,0.6151044837085518,,0.0
TCGA-86-8674,0.10112836444098143,-1.085363182353756,0.5370205714591446,-0.49355125965779273,0.2609186990605886,0.32483611608006685,-0.4173012860359554,-1.1072867627364167,0.14877703785408938,0.04542021399784559,0.2300601972868224,0.0820861389495206,0.17455486932571057,0.18607625198892158,0.08859001418268796,0.044435276414401925,Club_secretory,1.9378357604046468,0.46803270807887376,KRAS,1.0
TCGA-86-A456,0.8433088935212923,0.6573654712303552,-0.20761932868649585,0.6322315612317312,-0.2588143468341948,-0.0781713922734795,-0.6928174748273104,-0.013741296509192289,0.22939120507192748,0.19046823644393202,0.08019816569042765,0.18574068473007152,0.07619574526929847,0.09128154025160366,0.04936800275280414,0.09735641978993523,AT2_TRU,1.958596963839076,0.6266974675680782,KRAS,1.0
TCGA-86-A4D0,-0.5359322405322228,-0.8745342269964036,-1.3635263530694337,-0.3697917081828864,-0.8212035160278466,0.39310695892245867,1.4997874593405773,-0.7159268395012531,0.06619217308794285,0.04717953594968281,0.028932574685752534,0.07815568172207757,0.049763956113409814,0.16760355920141964,0.5068838702158781,0.05528864902383677,Proliferative,1.5786918696553567,0.6071939770749925,,
TCGA-86-A4JF,0.8181773069950348,-0.40872605760366587,0.24199117048457988,-0.6917161829179885,-0.611707633215355,0.31445479665796616,0.911158094068868,-0.697810161976544,0.23602630906253524,0.06920270235902391,0.1326557121376547,0.05214612052489797,0.05648970096212215,0.14262527945563544,0.25902486603925595,0.05182930945887463,Proliferative,1.8909920838590542,0.514813807653198,KRAS,1.0
TCGA-86-A4P7,0.787503123517817,1.183890694386156,0.32945068479987105,0.8735671133011504,-0.3445320670773389,-0.47724150145305005,-0.3607208246009733,0.33112644049161366,0.17348165273448982,0.2578709888743103,0.10972962737363266,0.18907350138017648,0.05592640641375927,0.04897584517208638,0.05502831647517329,0.10991366157637177,AT1,1.9220555419343057,0.4259342647301622,EGFR,1.0
TCGA-86-A4P8,0.927906612966948,2.038395591751179,0.2317422279853592,0.6181316394307036,-0.5340087302615789,-0.5527956453203441,-1.9610805984049218,0.2856512747225324,0.1585048547217636,0.4811957734904493,0.07901366696221788,0.11628106661583688,0.036740139575236995,0.03605634896362818,0.008818025781224715,0.08339012388964255,AT1,1.5847675261052827,0.5602764894552621,ALK,1.0
TCGA-91-6828,0.9297999296118551,0.31044436404777886,0.02061873015483181,-0.6549509501142572,-0.9071114828785705,-0.04893835225972651,0.04475929464996897,0.3734625413043623,0.27268462869136023,0.14678374124679444,0.1098520786973206,0.05590003696522712,0.043441035319813456,0.10247077533992649,0.11253623809760227,0.15633146564195552,AT2_TRU,1.9454753494020298,0.4037939386925568,KRAS,1.0
TCGA-91-6829,-0.3206756926830141,0.23989832162876612,-0.9992131643084771,-0.26324265767703237,-0.6129831287706152,-0.14897366209467905,0.551142496495826,1.230306909423404,0.07485382852543356,0.1311197821755274,0.03797772437692823,0.07927876354656832,0.055881301370139747,0.0888757466710626,0.17899456603628752,0.3530182872980525,EMT_mesenchymal,1.8374302000411533,-0.10052359053774257,NF1,1.0
TCGA-91-6830,0.2042381734817661,1.433319501725932,0.22440479779185882,0.192674980050608,0.6870362871729024,0.4518305220954685,0.04382363613041549,0.4388180466996888,0.08737690983358938,0.2986619663317355,0.08915689496814683,0.08637237274491474,0.1416032555122974,0.11192437352360657,0.0744268319162995,0.11047739516941019,AT1,1.959591090638948,-0.5145522337091419,,0.0
TCGA-91-6831,-0.6979774371504949,-0.4629568086977969,-0.7299377134625935,-0.571225120537699,-0.536348030198969,-0.20654063963324384,1.4826729049788443,0.7812020037555604,0.04897133924341846,0.0619455542533491,0.04743094848525674,0.055589121753304716,0.057562114707756455,0.08005164677807763,0.43349729474786325,0.21495198003097354,Proliferative,1.6845288094282411,0.3990658197851422,FGFR1,1.0
TCGA-91-6835,0.28739042594924064,0.7574626964254567,0.5029584191234974,0.7823838362220926,0.5805314062092671,0.08384045422212295,0.2259412155104284,0.5698097898105497,0.10096563196773377,0.16155610017729516,0.12525456351625966,0.16563284996946448,0.13535773487610303,0.08237073447236855,0.09494815169180039,0.13391423332897506,Ciliated,2.0531461885742477,0.033545858096545124,EGFR,1.0
TCGA-91-6836,-0.12355009452993004,-0.8461887364950801,-1.3371323618649384,-1.6024273922309067,-1.4848660158455174,-0.5471803586986597,1.4101704013360499,-0.8681887741860277,0.1245054070617259,0.06044358817586185,0.036994412134285566,0.028373960690278855,0.03191363104031107,0.08150944319904414,0.5771312100226025,0.05912834767589014,Proliferative,1.4507880652728908,0.5978741273055692,KRAS,1.0
TCGA-91-6840,-0.43230223401297946,0.7406930774733125,0.15147124353629912,0.2669287830849785,-0.34800068289734704,0.14392414962982278,0.5938883545428326,0.04709676608575281,0.06531917195562145,0.21108922318062193,0.11710360652847857,0.13143554881443972,0.07106444507056436,0.11622314126938729,0.18226764428577263,0.10549721889511404,AT1,2.0100189407490703,0.399565909284965,,0.0
TCGA-91-6847,-2.204352153891256,-1.206501909409185,-0.6798825807647741,-1.5793778451051879,0.7426609067592188,-0.6279607040187732,1.3858404278843643,-0.4283463085548942,0.01312214356967931,0.03559308567877278,0.060266158370246285,0.024514761854816887,0.24996332638870214,0.06347795002395744,0.47556032185491964,0.07750225225890552,Proliferative,1.5090336586866229,-4.970622453220277,EGFR,1.0
TCGA-91-6848,-0.9565683825326893,0.5206321807746134,-0.9319124425167445,-1.3600852820393234,-0.2363514091508419,-0.4496947726766153,1.0996745093881637,1.99431323295884,0.02650557042722898,0.11611202745757197,0.02716721337798662,0.017704839427582497,0.05446574048670662,0.04400171126548732,0.207182035966669,0.5068608615907669,EMT_mesenchymal,1.482120535774491,-1.7923718311197634,ARHGAP35,0.0
TCGA-91-6849,-0.1448966169644621,-0.5698100869832233,0.7098745327973163,0.35343148984282247,0.20587072166103282,-0.06978353487417087,-1.7353786796262944,-0.7995844016679712,0.11271130747188117,0.07369362369959179,0.26496583635672916,0.18551910252413711,0.16006773783822575,0.12150347103907086,0.022973644919357127,0.058565276151007074,Club_secretory,1.9049125145801826,0.4876271239355634,KRAS,1.0
TCGA-91-7771,0.40366062963187027,0.166112287191437,0.3664174643029054,-0.3162244250522529,-0.027816299489509852,0.9886560985023224,-0.6032530426675966,0.06261118825924149,0.14793535621487627,0.11665572241860338,0.14252711049281694,0.07201614581672641,0.09609126979973184,0.2655414276577955,0.05404741537081855,0.10518555222863084,Mucinous_gastric,1.9722579536219476,0.2757710267379437,RASA1,0.0
TCGA-91-8496,0.8486331349633561,0.9447169836957153,0.5388888522513444,0.10890286693097666,-0.39631324617402935,-0.0026278399386673906,-1.6245401176879088,-0.6024704750860914,0.23013955383612741,0.2533494420076281,0.1688383246265947,0.10983240496263025,0.06627014536294344,0.09824112401248475,0.01940464805972137,0.05392435713187001,AT1,1.8706421674181435,0.6315165118390967,EGFR,1.0
TCGA-91-8497,0.9434661572316897,0.08609703600599966,0.8087905159719677,0.755885193064557,-0.008497566161505356,1.016462326294523,-1.4936405055002597,0.12270622430787774,0.1954477327243966,0.0829239456840212,0.17082119234646062,0.1620187432672099,0.07543936858257624,0.21024828901284917,0.017084751305510803,0.08601597707697554,Mucinous_gastric,1.9256598546000436,0.4874452732083552,KRAS,1.0
TCGA-91-8499,-1.3315337086111427,0.0033882387551911596,-1.017416770335172,-1.3629272199745013,-0.4186814783478784,-0.10317648646078381,1.453641240588142,0.23045413556612232,0.02939808734499221,0.11170389362009137,0.04024744623248544,0.02848951442235661,0.07324293891595446,0.10041251371494564,0.476326986649849,0.14017861909932525,Proliferative,1.6301479587096481,-2.476630654922633,FGFR1,1.0
TCGA-91-A4BC,-0.8835049453099395,-0.2561017606724513,-0.8630917575600757,-0.3328043883599513,-0.3293402466254491,-0.07416054767292755,0.3330855394766458,0.6176134929744435,0.05721767784040564,0.10715389674245625,0.058397675826013566,0.09924221326712115,0.09958659851518628,0.1285357790067781,0.19314735376015987,0.2567188050418792,EMT_mesenchymal,1.9582551998438058,0.12237993833777887,,0.0
TCGA-91-A4BD,0.8241531338780753,-0.032186666759380714,1.7467684711378577,1.422278553333258,0.07856374906102975,-0.05267673801168886,-1.0768703827578883,-1.7536416079462427,0.1454504604715396,0.06177481456808861,0.36593323108757464,0.26453166755355395,0.06900963730698771,0.060521923959386846,0.021732569504338946,0.011045695548529716,Club_secretory,1.659289180035212,0.6223330501150798,BRAF,1.0
TCGA-93-7347,0.8292306582360355,0.24338284146222852,0.6358330664690243,0.47056839027080516,-0.1070032014679323,0.10405866639670716,-0.6994854565357089,0.3151361409214888,0.20961737124943752,0.11668010096766064,0.17275704362688873,0.14644084509213867,0.08219134194736734,0.10150538337694005,0.04544794987472757,0.12535996386483939,AT2_TRU,2.0012448979275606,0.26795144546798866,KRAS,1.0
TCGA-93-7348,0.32408429103287845,-0.408698011738329,1.0273045211458187,1.116344562621825,0.5851641856364506,0.5162940362086893,-0.7249586936031736,0.6782074370314134,0.10005343044129018,0.04808268076133554,0.20213273343566082,0.2209562281652664,0.1299025095153466,0.12125722223725592,0.03504599575203728,0.14256919969180723,Ciliated,1.9491423493331084,0.2518576561100579,MET,1.0
TCGA-93-8067,-0.052052499236145765,-0.298424269615677,0.4291292076481577,0.8287969519915757,0.2563620791975205,0.44688968732425854,0.7112474358644368,-0.41374782361556467,0.08574382575362742,0.06702008229336383,0.1387322459697909,0.20689543729636103,0.11672008810025475,0.14121820779580485,0.1839500062782812,0.059720106512516115,Ciliated,1.9986374607046042,-0.19854113250299332,KRAS,1.0
TCGA-93-A4JN,0.27079762155780157,0.6361015071654519,-0.07440189895046058,0.5243780358705304,0.074132410634946,-0.03772220571460673,0.8838560908206625,0.31338738540864436,0.11257154526886332,0.16221017372700217,0.07970955430328112,0.14506318291704468,0.09247365253929873,0.08268755856813802,0.2078148308104434,0.11746950186592844,Proliferative,2.026932273937546,0.5776432339036505,MET,1.0
TCGA-93-A4JO,0.19184184370893134,0.6308945703561042,1.1468608973571741,1.5058644891878288,1.0633326451982783,-0.08051987356495811,-0.21898443258528705,0.16310500588251028,0.07321772796309002,0.11357805429258128,0.19027238115436879,0.2724513925998706,0.1750249225618413,0.055761064647391646,0.048550830498631015,0.07114362628222531,Ciliated,1.9093748676064597,-0.13084719929971947,KRAS,1.0
TCGA-93-A4JP,0.809765027160981,2.0703929584714924,0.5592986766678795,0.6132059688794878,-0.15253348148083193,-0.14438104921200504,-0.11393983944348618,0.2595860940851197,0.12708623193199037,0.4483139548044097,0.09892871073387753,0.10440805100246943,0.04854869617130265,0.048946103847114134,0.050458992718511037,0.07330925879032499,AT1,1.7233954970249137,-0.0675176835494437,EGFR,1.0
TCGA-93-A4JQ,0.23053559478654914,0.32417047034804575,0.11173600443779148,0.4359601065877449,0.39755166008472514,0.3017902842773429,0.3110901398258331,1.1464768310792843,0.09947444618964789,0.10923872931913203,0.08833189009316761,0.12215922304731629,0.11755623963467547,0.1068211006303097,0.10781915512376772,0.24859921596198334,EMT_mesenchymal,2.019392347643006,0.11851561038460312,MET,1.0
TCGA-95-7039,0.25190001628038156,0.5540649352897681,0.0987172419810387,0.08686311912565535,0.13696587115185468,-0.6780453479759331,0.4961250912905476,0.15306549231621525,0.13285251405372167,0.17972079631172053,0.1139838557034882,0.1126406540420859,0.11842803196642049,0.05242031629681869,0.16960372236763951,0.12035010925810496,AT1,2.033093309056408,0.6599306879653869,,0.0
TCGA-95-7043,-0.6627357889739279,-0.2878179371089797,-0.03722966161054892,0.13256732279595568,-0.7661403734572165,-0.0703135272328264,0.36054466834442545,-0.4818578527315527,0.0755864900742664,0.10996866002778427,0.14128564495554416,0.1674325655154468,0.06816102905272466,0.13668784551896584,0.21030482414902987,0.09057294070623792,Proliferative,2.014201600769378,0.1771624699092663,NF1,1.0
TCGA-95-7562,-0.5642540089119684,-0.7804920322597142,0.4063813657249246,0.24127887287551086,0.6054220776286385,-0.6814715137913954,0.9576358845761609,0.09699945636352748,0.05776511068158511,0.04653231179789815,0.152478003551369,0.12927188909982787,0.18605848477072426,0.05137581143877014,0.2646147158225259,0.11190367283729945,Proliferative,1.9209818916201975,0.4782163488025362,KRAS,1.0
TCGA-95-7567,0.21735303042585577,-0.23407410710923923,-0.5923088191031466,0.06468791968514624,-0.5042282925042604,-0.6116974536513812,0.5555271268915283,-0.18751354068628345,0.16857602616639786,0.10733552805298216,0.07501776801702208,0.14470855166423577,0.08192510850038993,0.07357728554753219,0.2364084284803631,0.11245130357107691,Proliferative,1.997349058499998,0.37738012056555764,KRAS,1.0
TCGA-95-7944,-1.8994070353528987,-0.33198098680659494,-0.7952386205122984,-2.178581921827554,0.6001643453926642,0.152026017675677,0.5632437759714308,-0.06552260864333387,0.021044764159199557,0.10089474494662293,0.0634860508745191,0.015918419680435485,0.2562678473967712,0.1637080811371443,0.2469788256855079,0.13170126611979951,Basal,1.8111597105602948,-4.388654663472051,NF1,1.0
TCGA-95-7947,-0.24579502088111194,0.35596448582384504,0.5895091534079169,0.21902558399684655,-0.12254658416211224,-0.2002296918884572,0.8687461677214946,-0.7192235371288364,0.07954570680432113,0.14519697829207281,0.1833938377306011,0.12661517771474876,0.08997935197667727,0.0832540780961901,0.24246878329506477,0.04954608609032391,Proliferative,1.9703386206185225,-0.3043327930563967,ERBB2,1.0
TCGA-95-7948,-0.8209732031100231,0.025280934533800266,-0.22659088393733512,0.9904837083840263,-0.20122264485780825,-0.5871427756758557,-0.7886130821542254,-0.0974258720834879,0.05721254229738194,0.13335667197390338,0.10366405854402541,0.3501039312305793,0.10632747340293423,0.07228405552720915,0.059094228683752366,0.1179570383402142,Ciliated,1.8822557095035735,0.6895723565003328,,0.0
TCGA-95-8039,0.7209665759015377,0.30898604155410175,0.37013618930645215,0.21847234589129824,0.08204050182224157,-0.2359082083990383,-0.16587151152112367,-0.2228749428202782,0.2134700993496095,0.14138918121639577,0.15030497345247565,0.129153619275916,0.11268211343334449,0.08199202518353572,0.0879403448838316,0.0830676432048911,AT2_TRU,2.0269817763991527,0.4279346227294528,MET,1.0
TCGA-95-8494,0.10394006370047987,-0.35747699506812075,-0.34592059556430027,-0.20601097817316358,0.05223110501914617,-0.9067825348702029,1.1831857184758658,-0.43704063861530623,0.1275544892905512,0.08040903789683138,0.08134366693410837,0.09355903228569902,0.12112640643846617,0.04642420773992382,0.3753238656813454,0.07425929373307463,Proliferative,1.8501972855629307,0.718623010171852,,0.0
TCGA-95-A4VK,-0.18859571297550207,-0.22502751766847412,0.3911820917250289,0.014482678270555447,-0.22702287959135886,0.43229301269790793,-0.35898008891425554,-0.42544048468855106,0.10604036693937699,0.10224665056831585,0.18935009318938176,0.1299173180415661,0.10204283490565942,0.19729667640021104,0.08942814609099692,0.08367791386449197,Mucinous_gastric,2.0279738561917027,0.4790346770749731,KRAS,1.0
TCGA-95-A4VN,0.34490303418832563,0.06575842371040531,0.6055332165964279,0.8517682981207104,-0.10024749070614454,-0.24407996156548373,1.0004772439321015,0.03594960815519119,0.11668148988091029,0.08826143860975762,0.1514231289145535,0.19370050505131248,0.07476107702907522,0.06474554648842758,0.22475751807134656,0.08566929595461689,Proliferative,1.9858361235011814,0.2524941336552869,KRAS,1.0
TCGA-95-A4VP,0.616621645647859,0.7128212846616662,-0.12898408070671513,-0.4464067997621677,-0.578064147927174,0.38129402913398885,0.2306126827004591,0.1486818261994209,0.1879699086307162,0.20695089203155695,0.08918172689735561,0.06492634309043291,0.056917115523865934,0.14855485337438154,0.12777525835393183,0.11772390209775914,AT1,1.9944449695072852,0.5914638891714782,KRAS,1.0
TCGA-97-7546,0.703386358130742,0.8460618371081294,-0.22903889399192126,1.1755984663521242,-0.4898814220497018,-0.37513711430501157,-0.5845860163294454,0.03593158404850605,0.1791261077875368,0.20659607316209355,0.0705036737539038,0.2872354258965188,0.054316187257484834,0.060920308871576234,0.04940826392367349,0.09189395934721248,Ciliated,1.8757816546203052,0.5465012968692368,RAF1,1.0
TCGA-97-7547,-0.056338200959571615,-0.8504169766562928,0.566039549637097,-0.1783983522844954,-0.3756422797626835,0.1425272259566121,-2.0126276367954303,-0.36718843446338506,0.14242328217985062,0.06437495811679181,0.2653849025575339,0.1260581530653045,0.10349252679966298,0.17375893559086894,0.02013609645969712,0.10437114523028997,Club_secretory,1.9206143700593632,0.04673003581914373,NF1,1.0
TCGA-97-7552,0.40170850218602366,0.9062401497155262,1.0719376831705099,1.247006239712471,0.34416485245994627,2.0283518752591037,-0.8568166351432789,-0.1912998034716689,0.07242622642353058,0.1199530150363302,0.14157047621317057,0.16865685630746124,0.06837620113694941,0.3684156742460243,0.020574312669119167,0.04002723796741462,Mucinous_gastric,1.7815002614483266,-0.44081176382619386,,0.0
TCGA-97-7553,1.0138383589818607,1.6235691198116418,0.7487209505359588,0.7976996182559584,0.122595522219452,-0.08391872383028699,0.0810846929389483,0.43833059305964234,0.16360379851659027,0.3010205103260312,0.1255030716749302,0.1318030682634492,0.06710139310947605,0.054581257762743425,0.06437297976323335,0.09201392058354636,AT1,1.9212464272732244,-0.08415702508899921,NF1,1.0
TCGA-97-7554,0.3650702785847808,0.37423935941810393,-0.022380128132037314,-0.9525434574570248,-0.27374706239529994,-0.31272516996304167,-0.29765281360711493,0.7178354977366366,0.16863792098758784,0.1701912862998749,0.11446894121693794,0.04515676945243393,0.08902672416595668,0.08562338958332442,0.08692371065812439,0.2399712576357598,EMT_mesenchymal,1.9701508576691196,0.3809716724279204,KRAS,1.0
TCGA-97-7937,-0.2320869842069249,0.3743043720383534,0.0893735858004663,-0.1456641744547671,-0.08250493250150794,-0.37902239769725293,0.23015797643875344,-0.3619214049181831,0.10210558843253595,0.18724142272584107,0.14081796509272124,0.11132237466569692,0.1185801982649214,0.08815283285429229,0.16210632047830534,0.08967329748568577,AT1,2.0452431789120045,0.7509015142513176,,0.0
TCGA-97-7938,0.7654832948891496,0.648982798438507,0.4714680823622466,0.4474302048152104,0.30829377541300707,-0.175376365429591,-1.283061046879454,-0.2278661093190857,0.20468867491543097,0.1821789907421092,0.15254733683103136,0.14892414402165957,0.12958028447506068,0.07988838760001733,0.02638896219602757,0.07580321921866333,AT2_TRU,1.9634706288932553,0.5003112121583393,KRAS,1.0
TCGA-97-7941,0.5281689365558436,0.8529510743828459,0.8837280056698916,1.5401958707045096,0.38032926006651974,1.4380776348437097,-1.3833611799106438,-0.1457974798358552,0.0946424676818323,0.13095954144447217,0.13505273919454783,0.26037768924610466,0.08163569599597699,0.2351009489780234,0.0139932654874627,0.048237651971579955,Ciliated,1.8609949068851026,0.12856286306285933,KRAS,1.0
TCGA-97-8171,0.877304003821604,-1.3483090707007372,-0.840444436319147,-0.517950449418296,-1.0694635245475488,-0.356309418976419,-0.2257043289475317,-1.4751344106099447,0.41732359220668286,0.0450714427199578,0.07489697340441745,0.1034002591256365,0.05956656299069397,0.12154061643500219,0.13849768194007936,0.03970287117752985,AT2_TRU,1.7591878241000023,0.9794878783520972,EGFR,1.0
TCGA-97-8172,0.8410509032062491,0.033865887203447,0.12870437901432116,0.14829017480545545,-0.2456696864882823,0.1666693742543005,-1.497202567205271,0.2834831614257518,0.25299254277486055,0.11286303423122872,0.1240907917111799,0.1265451655916595,0.08533967106959872,0.12889246913410324,0.024412774556252057,0.14486355093111727,AT2_TRU,1.9590753570914559,0.5659138619987182,ARHGAP35,0.0
TCGA-97-8174,1.0671641948250092,0.10660850474596278,-0.2983323480389055,-0.01839952160630392,0.011047009497928792,-0.30607179681656277,-1.573525765206882,0.48378672627083663,0.3119095502358353,0.11936160136296578,0.07961612914908867,0.1053353980279508,0.10848327974386213,0.07900232252200612,0.022242909477529077,0.17404880948076204,AT2_TRU,1.8860920073109717,0.6412455257447388,,0.0
TCGA-97-8175,0.35958021329686773,-0.02706117022181073,-0.4398608331284377,-0.42904724000736916,0.44880557056646053,-0.17941089254870882,0.16221405305319378,-0.5182451578002367,0.18192990670963077,0.12359129347580487,0.08179208172551043,0.0826813474311563,0.19890888234367018,0.10612635145209243,0.149344441299602,0.07562569556253301,Basal,2.017827167261923,0.10178534348144369,ERBB2,1.0
TCGA-97-8176,-0.004660745153385899,-0.09359040482215183,0.5829336479817092,0.6891408552645585,0.24065959119993235,0.7344657766885844,0.8278666914525079,-0.3865637082181439,0.0828521493265145,0.07580225384061337,0.14910519731169716,0.16581277432706956,0.10588758603529369,0.1735011465568738,0.19048722320471778,0.05655166939722019,Proliferative,2.0035798488289807,0.07741734603553709,KRAS,1.0
TCGA-97-8177,0.6644354957752517,-0.01275335051971089,0.4504792598747412,0.08311628996459129,0.20874664196502918,0.4109994564543432,-0.5092682738237393,0.39821772451892623,0.18655952902135048,0.09478029531428107,0.1506251262947484,0.10431666959829633,0.11828080783409751,0.14479433254391325,0.05768785170759015,0.142955387685723,AT2_TRU,2.0324185893925866,0.3147780077241148,EGFR,1.0
TCGA-97-8179,0.39209887360686446,0.4831986714165761,0.11037089449713848,-0.09187712211699094,-0.24017622035828662,-0.2714944154013173,0.16356020633121204,0.10209484769954762,0.16511131149820193,0.18085935036797518,0.12457299913147284,0.10176272377259908,0.08773709338755253,0.0850319078552278,0.13137833238463045,0.12354628160234006,AT1,2.046760112416062,0.5203602548330497,,0.0
TCGA-97-8547,-0.042439975657716435,-0.6677208733207226,-0.7378351823241314,-0.14259410134263176,-0.04059267118698212,0.07112978069270454,-0.26908889298872596,1.3221105810921596,0.10233351599574367,0.05475979989686283,0.05105186298199313,0.09258092419410499,0.10252273187320796,0.11464117125107268,0.08158034203887972,0.40052965176813493,EMT_mesenchymal,1.817269850548047,0.030954485233827437,EGFR,1.0
TCGA-97-8552,1.0327436006183108,0.7902418660639067,1.5079422064427417,2.208701922693884,0.7368337698546851,0.2935007045252611,-1.4855659058920652,-0.1737490487393785,0.12142680228134857,0.095279044467754,0.19529480485805756,0.3935743333042234,0.09032387302903884,0.05797829606755346,0.009786482769946116,0.03633636322207819,Ciliated,1.7139908632634482,0.5329988803740237,EGFR,1.0
TCGA-97-A4LX,0.2815358376730405,0.4617396597223286,0.23691164007381213,0.1964682428928896,-0.33567551607105955,-0.43545608588154333,-0.2317643425058268,0.7415300042091331,0.13731518845733162,0.164429638812154,0.13132231635241065,0.12611716228297792,0.07407422087326092,0.06703983570798847,0.08218548861030787,0.21751614890356866,EMT_mesenchymal,2.008350274581601,0.3257345140384122,,0.0
TCGA-97-A4M0,0.6773668089620178,-0.44995615102591724,0.09939131826640886,0.03699166807039792,-1.067026709157171,-0.33807492922316273,-0.8681834365751641,-0.9531887117731495,0.2977931605758753,0.09645496287997178,0.16707180044280612,0.15696518239872537,0.05203963477005575,0.10787330269688118,0.06348787278827961,0.05831408344740493,AT2_TRU,1.910696730043566,0.9774420576710041,KRAS,1.0
TCGA-97-A4M1,0.8637554633094227,1.1825034894201591,0.5588852777632016,0.5903254498985631,-0.7042253708544105,-0.155321013575211,-1.4765920022193937,-0.23350859590441544,0.20521827473875826,0.28225818271354614,0.15129082562344606,0.15612299937330704,0.04278096810927015,0.07406904439964568,0.019761324155320115,0.06849838088670666,AT1,1.8464955840070176,0.6293797657943998,EGFR,1.0
TCGA-97-A4M2,0.8558664355757378,1.3176592448842483,1.074109899248905,1.0706306487298234,0.3635282643053003,0.05309578216317191,-1.4860230691636471,-0.1211939034058468,0.15146422423196412,0.24036107278255223,0.1884048146066777,0.187750446073793,0.09257427378063424,0.06786896086745264,0.014562648790401134,0.05701355886652471,AT1,1.8848394746588992,0.5624132354999594,,0.0
TCGA-97-A4M3,0.3187690581764809,0.0332824942669527,0.2623857826581065,-0.5607078848094458,-0.7073990237409494,-0.1889661656069591,-1.2187280618627931,-0.44703637916313366,0.2104404777867418,0.15817725691006057,0.1989034580854959,0.08733278219178595,0.07541715472332536,0.12665509739105396,0.045227518919814656,0.09784625399172191,AT2_TRU,1.9778982146905562,0.5804164574935764,ARHGAP35,1.0
TCGA-97-A4M5,0.3649555689305375,1.019354961425428,1.0969169111233465,1.5030495254683511,0.7311396531682433,0.9193978567446031,-0.7534621943710216,0.4351922523043435,0.07869861197079607,0.1514150756172803,0.16362657674142925,0.24560375244469856,0.11350076790027816,0.13701190311652472,0.02571842741490985,0.08442488479408297,Ciliated,1.9490622064784868,0.21112309321540831,KRAS,1.0
TCGA-97-A4M6,0.038031128312544786,0.3611356968474871,0.07505801143018247,0.2159343540586646,0.28356651820071366,-0.3536357228595187,-0.552895499482615,-0.044796314499748774,0.124341007633798,0.17176588590923916,0.12903126454161465,0.14855140774143105,0.1589457966543755,0.08404572546357664,0.06886177433583367,0.1144571377201313,AT1,2.042087238297677,0.16220524759638727,EGFR,1.0
TCGA-97-A4M7,0.4494224071595776,0.14400715776648035,0.8224664355899668,1.5213397270456674,0.7434319896889301,0.6294383262398022,-0.528470115353249,0.1327943845412779,0.10252542678450685,0.0755425130557609,0.14888212157027783,0.2994741651469614,0.13756828562185675,0.12274717511446046,0.03856010957804619,0.0747002031281296,Ciliated,1.9229821302317052,0.5027661969756507,BRAF,1.0
TCGA-99-7458,0.8467205853741949,0.8572781912080712,0.49787172787794864,0.22403129728816656,-0.059800272596468085,-0.05475183061958015,-0.5694432011143751,0.5557134532710966,0.19791535932704074,0.20001594072309012,0.13962923716193723,0.10618152963074261,0.07994337752832413,0.08034798749683734,0.04802278926852734,0.14794377886350063,AT1,1.9885943927995946,0.3937921486961025,KRAS,1.0
TCGA-99-8025,-0.6834614731465511,-0.628018730597135,0.7152256553119162,1.8456508106077163,0.8594524175740313,-0.2710430667871943,0.0041261557130743785,0.13234951918545204,0.0343786222678919,0.036338495739833006,0.13922927768197907,0.4311893019143626,0.16083014630939263,0.05192775012977992,0.06837604570916807,0.07773036024759278,Ciliated,1.7030504567140718,0.3978383273764865,KRAS,1.0
TCGA-99-8028,0.21993959326665166,0.4307073938330564,0.6117028144604157,0.7591253460264331,0.4846564007264697,0.0035664309860766667,-0.4313017713488982,0.8380806970006813,0.10086549071255156,0.12453112126703134,0.14923930259686846,0.17294499688725015,0.1314339785886927,0.0812405650362887,0.052591078206003665,0.18715346670531344,EMT_mesenchymal,2.0173520559057225,0.19330172194899906,KRAS,1.0
TCGA-99-8032,0.13927736714697944,-0.4932849088351243,0.3528922686633885,-0.3956806261593359,-0.3261787113701007,0.3083491901622157,0.19858826386980105,0.6205401427456098,0.12744789258091868,0.06770400386413701,0.15779906717255862,0.07464545232110982,0.08001799260166673,0.15092445572870186,0.13523560670624235,0.2062255290246651,EMT_mesenchymal,2.01355680410458,0.5452283417787787,KRAS,1.0
TCGA-99-8033,-0.28050108362568665,0.30859567494756024,0.05413712390065829,-0.8619163407143107,0.11492941168041824,-0.07728867045631746,0.766617241357397,0.048823169484092335,0.08540647827947473,0.1539331957650039,0.11934997741091724,0.047751319445062224,0.1268306143936174,0.10465135211481044,0.24335962339169231,0.11871743919942178,Proliferative,1.9921340598073924,0.11919755061163412,KRAS,1.0
TCGA-99-AA5R,0.8418321551885525,1.7448735943699656,-0.15423908413180418,-0.1551685416111405,-0.4950284532887537,-0.5587526578668462,-1.1832243676936063,0.4595676305657872,0.18087009307474147,0.44622374424867955,0.06680031635893753,0.06673825715044114,0.04750896581774954,0.04457593960451719,0.023872389328291926,0.12341029441664159,AT1,1.661557218043514,0.4915369145705407,,0.0
TCGA-J2-8192,-0.022693761583067778,0.15560457471472555,0.7167153240856546,-0.3151488182532538,1.1367041964898443,-0.09816659341045571,-0.798536550054596,1.4471340391309626,0.07163104050190129,0.08561211837095324,0.1500453515779705,0.053467470979775604,0.22836071558107263,0.06642381652367206,0.03297289031080182,0.3114865961538529,EMT_mesenchymal,1.8336565769330224,0.1604776656879088,EGFR,1.0
TCGA-J2-8194,0.37502225813528883,-0.1947693970651606,0.3136728208880521,0.37361940219332956,-0.04813922817663213,-0.2456097612647483,-1.5288714254037274,0.16720620019738142,0.17672037171143248,0.09996068985977097,0.16620454444098243,0.17647263229989402,0.11574704647078812,0.09500567656219074,0.02632910493882818,0.14355993371611311,AT2_TRU,1.9884926375699115,0.46253172358082384,KRAS,1.0
TCGA-J2-A4AD,-0.45292192639703316,0.2833983796971838,0.5308111060508022,0.7352025011152864,0.6392682342654219,-0.28899672808394095,0.31151299870526766,-0.08644535716669079,0.059548887573595215,0.1243522073474218,0.15925881522168026,0.19537524497175054,0.1775030471384175,0.07015610379586934,0.12789793207837907,0.08590776187288626,Ciliated,2.0059760874274115,-0.08874875595100791,,0.0
TCGA-J2-A4AE,0.5784996470293038,0.24953599297820395,0.9121491290141757,1.1923607932609017,0.017337589297037242,-0.010379638572426342,-0.3618427320336005,-1.0050104979205827,0.14959945736322125,0.107662117811315,0.20884887833739024,0.27639267345746193,0.08535332285197995,0.08302005064686298,0.05841770777620643,0.030705791755562227,Ciliated,1.8962031344333972,0.45975849999089796,MET,1.0
TCGA-J2-A4AG,0.4552284876730037,0.3596840205443876,-0.42060770965013167,0.4554255229599948,-0.17041903237967843,-0.003368104889139152,-0.9198367681269556,-0.0180184084931697,0.186272704239415,0.16929915274350604,0.07758511210483827,0.1863094101512146,0.09964005393914795,0.1177560556058471,0.0470940419896945,0.11604346922633649,Ciliated,2.000650935582489,0.6311982730664826,KRAS,1.0
TCGA-L4-A4E5,0.1673286406920721,-0.32847972473749437,-0.1642192352818197,0.28411147898236566,-0.40613299323739477,-0.5378103243125888,0.8206736894280896,-0.4491226405089405,0.14346805948559713,0.0873832890005228,0.10298306450907603,0.16124021420491166,0.08085446372964505,0.070878947945979,0.275739747542295,0.07745221358197338,Proliferative,1.964220701036623,0.4748975730309852,NF1,1.0
TCGA-L4-A4E6,1.1031359995011671,1.6296072651312954,-0.41879229028129883,-0.5210128501551222,-0.7637258136056514,-0.01550209715195073,-1.5292962759866746,0.2515758285795267,0.24460031260984957,0.4140955593711264,0.05339393760445856,0.04820567012766069,0.03781718724059936,0.07991690478263555,0.01758758447945659,0.10438284378421334,AT1,1.6448592465994343,0.33910054248821947,,
TCGA-L9-A443,0.18997509868683438,-0.6340319591817951,0.8173617461768458,1.1661494607846363,0.3643777692345366,0.2254072619538175,-0.4421140357594978,0.4306321613671287,0.10004171545024874,0.04388533438711797,0.18734913364991673,0.2655389716016517,0.1191031499618046,0.10364995624841385,0.05317020159673677,0.12726153710410965,Ciliated,1.9401146390596624,1.100918701445411,KRAS,1.0
TCGA-L9-A444,0.23033992855322194,-0.2864744864959538,-0.43113603276187457,-0.21459509950841005,-1.0920033724195246,-0.6660459060213721,-0.2741450394683385,0.30394255040409235,0.19576675239566024,0.11675870989545144,0.10103307621026043,0.12546023850523075,0.05217380822383035,0.07988100399024796,0.11820719136265238,0.2107192194166665,EMT_mesenchymal,1.9985467078655241,0.5652319217716872,NF1,1.0
TCGA-L9-A50W,0.6531536712167539,-0.3773207297422297,0.07867563672431555,0.30887941335144814,-0.4427817907683921,-0.1819481197582599,-0.9431193746929456,-0.7204141815326455,0.25957303518742647,0.09262542832133443,0.1461392704652351,0.18396837189357912,0.08675626600566534,0.11261065270437448,0.05260257447338012,0.06572440094900504,AT2_TRU,1.954820300775438,1.058729332733095,EGFR,1.0
TCGA-L9-A5IP,-2.426227586415435,-1.0109230105513811,-0.5636952187926154,-0.7668216812168108,0.9503033444464157,-0.40644019344273963,0.42100302007020185,0.0006935548140069365,0.012167867706658243,0.05010412091637753,0.07836136795895478,0.06395659101625528,0.3561420305567667,0.09170584114355046,0.20977369130040782,0.13778848940102922,Basal,1.766536719702037,-3.8219623348093195,NF1,1.0
TCGA-L9-A743,0.6643397904845941,0.3748171466779414,0.9797042601228995,1.1098515840834133,0.4074734272502534,0.17868832514114075,0.2415241070586907,0.6141005111274678,0.1302823341830263,0.09753207059570636,0.17858565865786993,0.20340838165537706,0.1007696817068882,0.0801622280165866,0.08536090537499608,0.12389873980954944,Ciliated,2.0264804786441877,0.4197513400050813,,
TCGA-L9-A7SV,-0.6482098531159236,0.1920222204027485,-0.1095716432439567,0.01385886416029409,-1.0759552773281587,-0.658488824440185,0.5330874285216534,-0.9140286219225922,0.07913706972192108,0.18335304139141284,0.13561494979199043,0.15343087287801263,0.051595578691779206,0.07832778846649582,0.2578759590407036,0.06066474001768428,Proliferative,1.9422581479558658,0.6011474403953179,,0.0
TCGA-L9-A8F4,-1.0005786840317168,-0.14620832465935224,-0.8694561999458259,-0.15521100842948563,-0.5308060500855878,-0.14963000123396875,0.6523875243608942,-0.10566037146048385,0.05425960345492132,0.12750433427531485,0.061861776384489996,0.12636160460943688,0.08679531390250832,0.12706880123309724,0.2833679436336361,0.13278062250659542,Proliferative,1.9539773320937188,0.2669967291501451,,0.0
TCGA-MN-A4N1,-0.6313475498066833,-0.4220703294409569,0.05210894347144098,0.36217594180820417,0.7180011574973548,-0.3203974520129376,0.7712804648408385,-0.3360005867191727,0.05700171635990477,0.07027095807615084,0.11290399685278983,0.15394645860616327,0.2197367164474686,0.0777914460154641,0.2317616316297276,0.07658707601233092,Proliferative,1.9514675668148864,0.9782603859434414,BRAF,1.0
TCGA-MN-A4N4,-1.4164725748799363,0.0570906735028592,0.31183536682896623,-0.2413534981554911,0.10638832234782439,-0.26608185550601193,-0.5580789194034803,0.8867117092890655,0.029116727039964055,0.1270875310331842,0.16395971593606382,0.0942953519252603,0.13350964449428462,0.0919921769958652,0.06869706503753466,0.29134178753784323,EMT_mesenchymal,1.9158632816203693,-0.10256941121883555,,0.0
TCGA-MN-A4N5,0.4852297757587584,0.2560318886717105,0.22757378677148848,-0.10144284256635124,-0.34890759085090484,-0.4006020782276694,0.458614136846007,-0.36234747964781105,0.1861152758051906,0.1479935004684766,0.1438412491727884,0.10351262912658028,0.08082035705330966,0.0767485420462547,0.18122703916126306,0.07974140716613666,AT2_TRU,2.0209104764871775,0.5498655353225893,KRAS,1.0
TCGA-MP-A4SV,0.3534948829155174,0.14340220741349594,0.2464457628516599,0.4617950806078278,0.6044046451428284,0.3295346116531462,0.8159709753054779,0.029743694703912367,0.1190997552999183,0.09653143883090862,0.10700893136920096,0.132722650921683,0.15306630354284012,0.11628000870116585,0.18913054939925233,0.08616036193503088,Proliferative,2.049962160902091,0.7536747378412435,,
TCGA-MP-A4SW,0.735345251899498,-0.04151062544573462,0.6042900524155204,0.5875638240506015,-0.07897880816034492,0.15726728686628094,0.04933047770978583,-0.3050109717121593,0.197610475341556,0.09087109096616834,0.17333785295135565,0.17046267689549063,0.08752931245162436,0.11085464423288448,0.09951247593453202,0.06982147122638857,AT2_TRU,2.0162253510743056,0.5815530245386282,EGFR,1.0
TCGA-MP-A4SY,-0.37341621214056736,-0.8387472330144009,0.25661664020050573,0.593591627012448,0.8755523864318324,-0.6408992532074749,0.08627722339310481,0.778606827567115,0.06606814336176789,0.04148598518000174,0.12405432033630824,0.1737633860899881,0.23036275984514537,0.0505621687501295,0.1046247479893183,0.20907848844734092,Basal,1.9270345801450892,0.11315101393195952,,
TCGA-MP-A4T4,0.05800972800879254,0.07835556169991972,0.4351772416215002,0.6098000065848387,0.8368283786527195,-0.21255702844431354,0.2545745837562149,0.6580134358035136,0.08931565844793062,0.09115147223377248,0.13023549773714052,0.15508402978223265,0.19460959400956973,0.06814311068833685,0.10871629325228509,0.16274434384873207,Basal,2.0268841151453723,0.500856764339964,KRAS,1.0
TCGA-MP-A4T6,0.3453149184142256,0.023409406765980127,0.11188895093592223,0.8589612622811241,-0.5736025747463682,0.3430342318341456,-1.0438321948658502,-1.3212062012735568,0.16603515482978293,0.12033674611991607,0.13146932764196917,0.2775069244602512,0.06623983696902663,0.16565691217077275,0.04139054316360131,0.031364554644679715,Ciliated,1.8934547393547638,1.3321873637725121,EGFR,1.0
TCGA-MP-A4T7,0.6279452231453857,0.7289951673548813,0.43723727300591,0.16115607752121716,-0.0002877556682627652,0.5015822911764193,0.2854894004510015,-0.646917868087262,0.16767156536701042,0.1855004006929519,0.138559404602292,0.10513213128987893,0.08945843635012034,0.1477681019096398,0.11905091695975423,0.046859042828352494,AT1,2.017883988161861,0.2149419584867817,KRAS,1.0
TCGA-MP-A4T8,-0.31787272100403613,-0.6875572484304525,-0.6052652247085637,-0.06962112604540734,-0.0014385664248603436,0.07651994953540024,0.24475978284010394,0.13008498484291978,0.10101968844978314,0.06979978332686201,0.0757867086225583,0.12948525685109455,0.13862183133194794,0.14986098587126653,0.17731856849388714,0.15810717705260038,Proliferative,2.0343200813958253,0.2471295372026433,KRAS,1.0
TCGA-MP-A4T9,0.8800108451950571,1.38394937498075,-0.20632054436533584,-0.013582480628662717,0.040757889599264574,0.061666668414311496,-0.04629890301467367,0.5427049998695651,0.1857092906168968,0.30739114578884447,0.06266800985534035,0.07598904396434432,0.08023256996795777,0.08192779581933073,0.07354318238524084,0.13253896160204476,AT1,1.9118585576446634,0.2806809963725665,EGFR,1.0
TCGA-MP-A4TA,-1.1151139876505383,-0.555559740467803,-0.5187518364181486,-0.13485061945803853,0.03693559566449656,0.4551696250727654,0.7836704374187667,-0.2751408905236991,0.04132690167687402,0.07231762731636612,0.07502908298236168,0.11014272540348793,0.13078611036997376,0.19870022322031172,0.2759716340645063,0.09572569496611845,Proliferative,1.9259571615949274,-0.9775896478631669,,0.0
TCGA-MP-A4TC,-0.2638027739291169,0.3496255759938572,0.002854152833075385,-0.2670999287203289,2.2126926146476267e-05,-0.12564713619530002,0.5580318489584322,1.1433452599824832,0.07164315937628056,0.13230713853856177,0.09353676838111995,0.07140732978706192,0.09327224457574733,0.08225739666696022,0.16296448601140384,0.2926114766628645,EMT_mesenchymal,1.9485404814153284,0.11865199843000941,RASA1,1.0
TCGA-MP-A4TD,0.012193549568695125,-0.7075430979670071,0.6971799630794103,0.38360184496879396,-0.028372619766687777,0.16532451367495174,-0.3181481321564475,0.7281805311048444,0.10192633801199143,0.04962594236254905,0.2021958514971974,0.14777024537536884,0.09787432000502733,0.1187928642801352,0.07325223023377432,0.20856220823395638,EMT_mesenchymal,1.9864879656354866,0.47348822989512124,KRAS,1.0
TCGA-MP-A4TE,-0.43713781513960553,-1.6871436746405495,-1.0540857297769073,-0.674973585934629,-0.4810767481055268,0.3720246041683632,-0.03838000461432074,-1.1014496120975599,0.1278435158499444,0.03662756591859496,0.06898292905293271,0.10078315340992632,0.12234782962082932,0.2871398567755651,0.19048335094251156,0.06579179842969558,Mucinous_gastric,1.9100442763764403,0.5921912920803111,KRAS,1.0
TCGA-MP-A4TF,-0.30065884129676684,-0.6646889824346792,0.0797353620846979,-0.9258365321754729,0.34219738215529844,0.30044010723103093,0.37342837476788715,-0.04465305352618418,0.09369501254624031,0.06510587681492269,0.13706279292152956,0.05014241561906709,0.1781990499021638,0.17091116326871317,0.1838522003759508,0.12103148855141256,Proliferative,1.9984127799946507,-0.8592048244505914,KRAS,1.0
TCGA-MP-A4TH,0.9450227109374437,-0.06143209377105225,0.3181532288298096,-0.3182564061970505,-0.2052046271293552,0.4283413595460373,-1.5685638645914468,-0.38121864551049267,0.29052777194960483,0.10619153181382626,0.1552178618132652,0.08213958491268744,0.09197086426970565,0.17329889506430732,0.023526150664994767,0.07712733951160854,AT2_TRU,1.9007518406606358,0.6339714966564085,,0.0
TCGA-MP-A4TI,0.11327153236713307,0.7954248738359444,-0.16778126566554782,-0.09349102026526605,0.8378406185186474,-0.5352539951793157,0.8915778778884762,1.5091498294506307,0.07491033776912709,0.14818259205081263,0.0565564414884075,0.060918039704491896,0.15460306914146707,0.0391643296412706,0.1631382902361275,0.3025268999682957,EMT_mesenchymal,1.8829872048157112,-0.12020893175803617,KRAS,1.0
TCGA-MP-A4TJ,0.5420599444733455,0.7052448027662266,1.0486072102946207,1.732259891222482,0.7028278999665705,0.5325573077305737,0.01900567052262871,0.7633262047589604,0.08984837384323294,0.10577438398720428,0.14910798579269635,0.29539795913123373,0.10551904626993011,0.08899862122428774,0.05325380410035574,0.11209982565105901,Ciliated,1.9521904697560226,0.12278910247399731,KRAS,1.0
TCGA-MP-A4TK,-0.06003043096369726,0.3103822044059497,-0.29807873396143764,-0.8125430014078813,0.3235038503983245,-0.4908458762266214,0.4169273014902517,1.2716019697354837,0.08909872950217258,0.12904455218474664,0.07022446623249014,0.041981645241181705,0.13074898715652866,0.05791229030700829,0.1435527850444565,0.3374365443314155,EMT_mesenchymal,1.8755117458275354,0.3856997913353354,KRAS,1.0
TCGA-MP-A5C7,0.5583072621485149,-0.6134151400333286,0.35249356404552185,-0.2428612949811253,-1.1015050784103553,-0.14639654433719615,-1.1490576567423438,-1.1814046649167884,0.27670436941806836,0.08573209637879195,0.22523312563450917,0.1241860843204092,0.0526221607095409,0.13676250363164424,0.05017840520527902,0.048581254701757205,AT2_TRU,1.8850200731610036,1.0469999608281624,,0.0
TCGA-NJ-A4YF,-0.686778576783075,-1.5617250103624434,-0.578117303071106,0.292640600265422,-1.30613335090641,-0.7730402217635379,-0.11462376733887136,-0.5755701852669924,0.10482253699635319,0.04369887520976276,0.11685455831039067,0.279132889113697,0.05642509590089717,0.09615939233565403,0.18575407210981024,0.11715258002343489,Ciliated,1.9315685720396991,0.16547856068613592,,0.0
TCGA-NJ-A4YG,0.8785203289722587,0.07659459643436538,-0.015416787081282564,-0.14563699697668406,0.20276209313464796,0.4630068319666517,-0.9501762471864957,0.06191873851014803,0.2507565869927237,0.11245542974753532,0.10257000895308542,0.09004642491393,0.1275775557193434,0.16549966963546847,0.0402772228562554,0.11081710118165836,AT2_TRU,1.9764935010267364,0.6446097641980915,KRAS,1.0
TCGA-NJ-A4YI,0.3190634984253959,-0.4274730641069184,-0.2724967776009623,0.05935646096214137,0.00982612493670141,-0.3126154145261522,-1.0500628442630522,-0.06885718481403437,0.20011021789664662,0.09485332410721771,0.11075361264480338,0.1543405102094517,0.14688220378589112,0.10639827786377043,0.050893843406172604,0.13576801008604647,AT2_TRU,2.020277539937389,0.9372075842761773,KRAS,1.0
TCGA-NJ-A4YP,-0.3615579641418633,-0.22144475367394711,-0.4726191338728582,-0.7386732584185111,0.7736315855124434,0.6746232222646725,0.031553974612714336,0.8346253487207773,0.06920235551417092,0.07961066861804894,0.06192808122686285,0.047461535639756774,0.2153413515928927,0.19504222774790023,0.1025291183830784,0.2288846612772892,EMT_mesenchymal,1.9236963756876395,0.19198330417673903,KRAS,1.0
TCGA-NJ-A4YQ,-0.2347433506796791,0.29237581347401076,-0.7285145293879268,-0.047891546835914144,-0.7456246796484239,-0.6824075099572359,0.07096558378004948,-0.3477001621357035,0.12500505860837838,0.21176419534286745,0.07629314004964372,0.1506871765123877,0.07499885722211364,0.07989314433886095,0.16970525527800587,0.11165317264774222,AT1,2.012103677676293,-1.0423739694311087,,0.0
TCGA-NJ-A55A,0.5281615102211223,-0.006729706453817664,1.3611558997522675,2.7567227798150293,1.1915088824924824,0.36947957526171477,-0.9732844389123436,0.2661243211443124,0.0589648287104832,0.034537646290032635,0.1356306703066571,0.5475766282637452,0.11446722241265578,0.0503127843904042,0.013137821311258137,0.04537239831476377,Ciliated,1.4796675498137368,-0.0325114185618542,NF1,1.0
TCGA-NJ-A55O,0.8849025297595842,0.9225075094382087,0.1122127670916431,-0.43919478894926206,-0.8783498520563499,1.5421240639935236,-0.6345013106284327,-0.8745317455983229,0.19018536495053015,0.1974734571729835,0.08782177167822082,0.05059748557480398,0.032614168801205795,0.3669482154578277,0.04162060516821089,0.0327389311962171,Mucinous_gastric,1.7243663176553263,0.2564039242902642,KRAS,1.0
TCGA-NJ-A55R,0.030454765294953935,-0.9002109590776133,-0.14828061294896136,0.06804630238210993,-0.6423687283567321,0.7251668299868934,-0.2675588491964084,0.1753115607435494,0.13020004928082884,0.05133672504678569,0.10888984011404501,0.13518762729927,0.06643663356242424,0.26080791355224675,0.09664635521646024,0.15049485592793918,Mucinous_gastric,1.9713565080359936,0.16120506859674175,KRAS,1.0
TCGA-NJ-A7XG,0.6872806516123081,-0.6944335307953007,0.9216840683874926,0.1259394114612198,0.42824935050884866,-0.04293173115289022,-1.4985754640885012,-1.4085702254389638,0.21859366177203574,0.05489928903645755,0.2763361328782039,0.12469532232220153,0.16871033994463155,0.10531988028180589,0.024565879427074278,0.026879494337589304,Club_secretory,1.832258346876515,0.714213130037052,ROS1,1.0
TCGA-O1-A52J,1.2918233585408367,0.026647887529300238,-0.04281785492378482,0.12643607506526508,-0.770876585150471,-0.7572482415808571,-0.8282314395157947,-0.6716821194958763,0.4213010446696594,0.11888684728510576,0.11090859960752814,0.13136245900811053,0.053551708702293116,0.05428652558247969,0.050566679453589954,0.059136135691233424,AT2_TRU,1.7609480227377472,0.8041837773233371,EGFR,1.0
TCGA-S2-AA1A,-0.5228098078997899,0.3303795183683389,0.4235890182894019,0.5450029539851838,-0.20130239800674815,0.7762647528088045,-1.639644437068909,0.1285121565982412,0.06202303481184765,0.14557554646242502,0.15979706579940425,0.18042561853317654,0.08554249372946515,0.22737040005447812,0.0203010217257608,0.1189648188834424,Mucinous_gastric,1.9344682341303154,-0.5048232198035002,KRAS,1.0
